id_departamento;barrio;id_comuna;ambientes;estado;superficie
;Agronom­a;15;2;Usado;320
;Agronom­a;15;2;Usado;538
;Agronom­a;15;2;Usado;434
;Agronom­a;15;2;Usado;363
;Agronom­a;15;2;Usado;312
;Agronom­a;15;2;Usado;241
;Agronom­a;15;2;Usado;170
;Almagro;5;2;Usado;172
;Almagro;5;2;Usado;262
;Almagro;5;2;Usado;423
;Almagro;5;2;Usado;352
;Almagro;5;2;Usado;370
;Almagro;5;2;Usado;361
;Almagro;5;2;Usado;335
;Almagro;5;2;Usado;430
;Almagro;5;2;Usado;420
;Almagro;5;2;Usado;261
;Almagro;5;2;Usado;350
;Almagro;5;2;Usado;343
;Almagro;5;2;Usado;156
;Almagro;5;2;Usado;232
;Almagro;5;2;Usado;208
;Almagro;5;2;Usado;589
;Almagro;5;2;Usado;478
;Almagro;5;2;Usado;228
;Almagro;5;2;Usado;110
;Almagro;5;2;Usado;74
;Almagro;5;2;Usado;130
;Almagro;5;2;Usado;281
;Almagro;5;2;Usado;261
;Almagro;5;2;Usado;286
;Almagro;5;2;Usado;488
;Almagro;5;2;Usado;260
;Almagro;5;2;Usado;288
;Almagro;5;2;Usado;360
;Almagro;5;2;Usado;104
;Almagro;5;2;Usado;198
;Almagro;5;2;Usado;142
;Almagro;5;2;Usado;148
;Almagro;5;2;Usado;254
;Almagro;5;2;Usado;362
;Almagro;5;2;Usado;227
;Almagro;5;2;Usado;292
;Almagro;5;2;Usado;85
;Almagro;5;2;Usado;198
;Balvanera;3;2;Usado;227
;Balvanera;3;2;Usado;38
;Balvanera;3;2;Usado;171
;Balvanera;3;2;Usado;140
;Balvanera;3;2;Usado;80
;Balvanera;3;2;Usado;124
;Balvanera;3;2;Usado;140
;Balvanera;3;2;Usado;74
;Balvanera;3;2;Usado;137
;Balvanera;3;2;Usado;75
;Balvanera;3;2;Usado;149
;Balvanera;3;2;Usado;182
;Balvanera;3;2;Usado;167
;Balvanera;3;2;Usado;101
;Balvanera;3;2;Usado;168
;Balvanera;3;2;Usado;132
;Balvanera;3;2;Usado;104
;Balvanera;3;2;Usado;74
;Balvanera;3;2;Usado;180
;Balvanera;3;2;Usado;165
;Balvanera;3;2;Usado;267
;Balvanera;3;2;Usado;234
;Balvanera;3;2;Usado;48
;Balvanera;3;2;Usado;158
;Balvanera;3;2;Usado;7310
;Balvanera;3;2;Usado;5106
;Balvanera;3;2;Usado;4763
;Balvanera;3;2;Usado;6789
;Balvanera;3;2;Usado;6485
;Balvanera;3;2;Usado;6636
;Balvanera;3;2;Usado;5756
;Balvanera;3;2;Usado;7533
;Balvanera;3;2;Usado;7115
;Balvanera;3;2;Usado;3312
;Balvanera;3;2;Usado;7353
;Balvanera;3;2;Usado;3092
;Balvanera;3;2;Usado;6355
;Balvanera;3;2;Usado;4890
;Barracas;4;2;Usado;5322
;Barracas;4;2;Usado;6704
;Barracas;4;2;Usado;5366
;Barracas;4;2;Usado;5170
;Barracas;4;2;Usado;4584
;Barracas;4;2;Usado;3703
;Barracas;4;2;Usado;4813
;Barracas;4;2;Usado;4351
;Barracas;4;2;Usado;3165
;Barracas;4;2;Usado;5504
;Barracas;4;2;Usado;4786
;Barracas;4;2;Usado;4057
;Barracas;4;2;Usado;3106
;Barracas;4;2;Usado;3897
;Barracas;4;2;Usado;2609
;Barracas;4;2;Usado;2331
;Barracas;4;2;Usado;3181
;Barracas;4;2;Usado;2968
;Barracas;4;2;Usado;3806
;Barracas;4;2;Usado;3397
;Barracas;4;2;Usado;3611
;Barracas;4;2;Usado;3513
;Barracas;4;2;Usado;3930
;Barracas;4;2;Usado;3864
;Barracas;4;2;Usado;3528
;Barracas;4;2;Usado;3440
;Barracas;4;2;Usado;3656
;Barracas;4;2;Usado;2756
;Belgrano;13;2;Usado;2678
;Belgrano;13;2;Usado;2790
;Belgrano;13;2;Usado;3444
;Belgrano;13;2;Usado;2891
;Belgrano;13;2;Usado;3142
;Belgrano;13;2;Usado;3298
;Belgrano;13;2;Usado;2447
;Belgrano;13;2;Usado;2929
;Belgrano;13;2;Usado;2067
;Belgrano;13;2;Usado;2384
;Belgrano;13;2;Usado;2451
;Belgrano;13;2;Usado;2651
;Belgrano;13;2;Usado;2553
;Belgrano;13;2;Usado;2173
;Belgrano;13;2;Usado;2345
;Belgrano;13;2;Usado;2475
;Belgrano;13;2;Usado;2821
;Belgrano;13;2;Usado;3047
;Belgrano;13;2;Usado;2685
;Belgrano;13;2;Usado;3632
;Belgrano;13;2;Usado;3158
;Belgrano;13;2;Usado;3348
;Belgrano;13;2;Usado;3520
;Belgrano;13;2;Usado;2593
;Belgrano;13;2;Usado;2790
;Belgrano;13;2;Usado;2856
;Belgrano;13;2;Usado;2866
;Belgrano;13;2;Usado;2444
;Belgrano;13;2;Usado;3123
;Belgrano;13;2;Usado;2773
;Belgrano;13;2;Usado;2637
;Belgrano;13;2;Usado;2858
;Belgrano;13;2;Usado;5089
;Belgrano;13;2;Usado;5893
;Belgrano;13;2;Usado;3636
;Belgrano;13;2;Usado;4589
;Belgrano;13;2;Usado;4481
;La Boca;4;2;Usado;4488
;La Boca;4;2;Usado;4086
;La Boca;4;2;Usado;5709
;La Boca;4;2;Usado;5606
;La Boca;4;2;Usado;2600
;La Boca;4;2;Usado;5224
;La Boca;4;2;Usado;3338
;La Boca;4;2;Usado;5151
;La Boca;4;2;Usado;4585
;La Boca;4;2;Usado;3925
;La Boca;4;2;Usado;4635
;La Boca;4;2;Usado;3837
;La Boca;4;2;Usado;2971
;La Boca;4;2;Usado;2789
;La Boca;4;2;Usado;3592
;La Boca;4;2;Usado;3855
;La Boca;4;2;Usado;2691
;La Boca;4;2;Usado;3033
;La Boca;4;2;Usado;4975
;La Boca;4;2;Usado;4513
;La Boca;4;2;Usado;3981
;La Boca;4;2;Usado;1812
;La Boca;4;2;Usado;2506
;La Boca;4;2;Usado;1798
;Boedo;5;2;Usado;1677
;Boedo;5;2;Usado;1795
;Boedo;5;2;Usado;1971
;Boedo;5;2;Usado;2259
;Boedo;5;2;Usado;2710
;Boedo;5;2;Usado;2699
;Boedo;5;2;Usado;2558
;Boedo;5;2;Usado;2499
;Boedo;5;2;Usado;3097
;Boedo;5;2;Usado;2214
;Boedo;5;2;Usado;3199
;Boedo;5;2;Usado;3399
;Boedo;5;2;Usado;2389
;Boedo;5;2;Usado;2722
;Boedo;5;2;Usado;3066
;Boedo;5;2;Usado;2631
;Boedo;5;2;Usado;3260
;Boedo;5;2;Usado;2657
;Boedo;5;2;Usado;2513
;Boedo;5;2;Usado;2750
;Boedo;5;2;Usado;2036
;Caballito;6;2;Usado;2343
;Caballito;6;2;Usado;1563
;Caballito;6;2;Usado;2413
;Caballito;6;2;Usado;1495
;Caballito;6;2;Usado;1685
;Caballito;6;2;Usado;2107
;Caballito;6;2;Usado;2781
;Caballito;6;2;Usado;1885
;Caballito;6;2;Usado;2357
;Caballito;6;2;Usado;1866
;Caballito;6;2;Usado;2004
;Caballito;6;2;Usado;2262
;Caballito;6;2;Usado;2549
;Caballito;6;2;Usado;3069
;Caballito;6;2;Usado;2374
;Caballito;6;2;Usado;1972
;Caballito;6;2;Usado;1558
;Caballito;6;2;Usado;1929
;Caballito;6;2;Usado;2868
;Caballito;6;2;Usado;3445
;Caballito;6;2;Usado;2979
;Caballito;6;2;Usado;3135
;Caballito;6;2;Usado;2784
;Caballito;6;2;Usado;2524
;Caballito;6;2;Usado;1877
;Caballito;6;2;Usado;1135
;Caballito;6;2;Usado;1215
;Caballito;6;2;Usado;1618
;Caballito;6;2;Usado;798
;Caballito;6;2;Usado;1004
;Caballito;6;2;Usado;822
;Caballito;6;2;Usado;903
;Caballito;6;2;Usado;904
;Caballito;6;2;Usado;662
;Caballito;6;2;Usado;1293
;Caballito;6;2;Usado;1640
;Caballito;6;2;Usado;797
;Caballito;6;2;Usado;1027
;Chacarita;15;2;Usado;1366
;Chacarita;15;2;Usado;1267
;Chacarita;15;2;Usado;832
;Chacarita;15;2;Usado;523
;Chacarita;15;2;Usado;265
;Chacarita;15;2;Usado;185
;Chacarita;15;2;Usado;878
;Chacarita;15;2;Usado;247
;Chacarita;15;2;Usado;926
;Chacarita;15;2;Usado;1199
;Chacarita;15;2;Usado;793
;Chacarita;15;2;Usado;642
;Chacarita;15;2;Usado;373
;Chacarita;15;2;Usado;441
;Chacarita;15;2;Usado;124
;Chacarita;15;2;Usado;542
;Chacarita;15;2;Usado;273
;Chacarita;15;2;Usado;325
;Chacarita;15;2;Usado;223
;Chacarita;15;2;Usado;564
;Chacarita;15;2;Usado;415
;Coghlan;12;2;Usado;304
;Coghlan;12;2;Usado;444
;Coghlan;12;2;Usado;819
;Coghlan;12;2;Usado;510
;Coghlan;12;2;Usado;563
;Coghlan;12;2;Usado;616
;Coghlan;12;2;Usado;438
;Coghlan;12;2;Usado;755
;Coghlan;12;2;Usado;323
;Coghlan;12;2;Usado;781
;Coghlan;12;2;Usado;262
;Coghlan;12;2;Usado;396
;Coghlan;12;2;Usado;324
;Coghlan;12;2;Usado;441
;Coghlan;12;2;Usado;520
;Colegiales;13;2;Usado;504
;Colegiales;13;2;Usado;255
;Colegiales;13;2;Usado;402
;Colegiales;13;2;Usado;327
;Colegiales;13;2;Usado;969
;Colegiales;13;2;Usado;410
;Colegiales;13;2;Usado;772
;Colegiales;13;2;Usado;224
;Colegiales;13;2;Usado;474
;Colegiales;13;2;Usado;846
;Colegiales;13;2;Usado;550
;Colegiales;13;2;Usado;300
;Colegiales;13;2;Usado;682
;Colegiales;13;2;Usado;675
;Colegiales;13;2;Usado;625
;Colegiales;13;2;Usado;695
;Colegiales;13;2;Usado;1062
;Colegiales;13;2;Usado;712
;Colegiales;13;2;Usado;1177
;Colegiales;13;2;Usado;975
;Colegiales;13;2;Usado;606
;Constituci½n;1;2;Usado;707
;Constituci½n;1;2;Usado;587
;Constituci½n;1;2;Usado;658
;Constituci½n;1;2;Usado;9897
;Constituci½n;1;2;Usado;10140
;Constituci½n;1;2;Usado;8518
;Constituci½n;1;2;Usado;11900
;Constituci½n;1;2;Usado;10701
;Constituci½n;1;2;Usado;10855
;Constituci½n;1;2;Usado;7646
;Constituci½n;1;2;Usado;8985
;Constituci½n;1;2;Usado;8355
;Constituci½n;1;2;Usado;5393
;Constituci½n;1;2;Usado;10177
;Constituci½n;1;2;Usado;9648
;Constituci½n;1;2;Usado;11148
;Constituci½n;1;2;Usado;10374
;Constituci½n;1;2;Usado;10491
;Constituci½n;1;2;Usado;11267
;Constituci½n;1;2;Usado;8782
;Constituci½n;1;2;Usado;6816
;Constituci½n;1;2;Usado;7409
;Constituci½n;1;2;Usado;9404
;Constituci½n;1;2;Usado;9496
;Constituci½n;1;2;Usado;8313
;Flores;7;2;Usado;9504
;Flores;7;2;Usado;9599
;Flores;7;2;Usado;9222
;Flores;7;2;Usado;7511
;Flores;7;2;Usado;4974
;Flores;7;2;Usado;5131
;Flores;7;2;Usado;4133
;Flores;7;2;Usado;6734
;Flores;7;2;Usado;5399
;Flores;7;2;Usado;3183
;Flores;7;2;Usado;6325
;Flores;7;2;Usado;5311
;Flores;7;2;Usado;7469
;Flores;7;2;Usado;5905
;Flores;7;2;Usado;5133
;Flores;7;2;Usado;6157
;Flores;7;2;Usado;6841
;Flores;7;2;Usado;5608
;Flores;7;2;Usado;6898
;Flores;7;2;Usado;6859
;Flores;7;2;Usado;5823
;Flores;7;2;Usado;4947
;Flores;7;2;Usado;5904
;Flores;7;2;Usado;5530
;Flores;7;2;Usado;7811
;Flores;7;2;Usado;6245
;Flores;7;2;Usado;6047
;Flores;7;2;Usado;6867
;Flores;7;2;Usado;5156
;Flores;7;2;Usado;4288
;Flores;7;2;Usado;6773
;Flores;7;2;Usado;6400
;Flores;7;2;Usado;5751
;Flores;7;2;Usado;4364
;Flores;7;2;Usado;6533
;Flores;7;2;Usado;5576
;Flores;7;2;Usado;4983
;Floresta;10;2;Usado;4857
;Floresta;10;2;Usado;5194
;Floresta;10;2;Usado;4600
;Floresta;10;2;Usado;4724
;Floresta;10;2;Usado;5818
;Floresta;10;2;Usado;5462
;Floresta;10;2;Usado;5179
;Floresta;10;2;Usado;4652
;Floresta;10;2;Usado;4586
;Floresta;10;2;Usado;6108
;Floresta;10;2;Usado;6239
;Floresta;10;2;Usado;5303
;Floresta;10;2;Usado;4196
;Floresta;10;2;Usado;5411
;Floresta;10;2;Usado;5341
;Floresta;10;2;Usado;511
;Floresta;10;2;Usado;121
;Floresta;10;2;Usado;282
;Floresta;10;2;Usado;363
;Floresta;10;2;Usado;624
;Floresta;10;2;Usado;257
;Floresta;10;2;Usado;404
;Floresta;10;2;Usado;289
;Floresta;10;2;Usado;200
;Floresta;10;2;Usado;123
;Floresta;10;2;Usado;311
;Paternal;15;2;Usado;145
;Liniers;9;2;Usado;160
;Liniers;9;2;Usado;399
;Liniers;9;2;Usado;108
;Liniers;9;2;Usado;552
;Liniers;9;2;Usado;601
;Liniers;9;2;Usado;184
;Liniers;9;2;Usado;417
;Liniers;9;2;Usado;486
;Liniers;9;2;Usado;419
;Liniers;9;2;Usado;190
;Liniers;9;2;Usado;224
;Liniers;9;2;Usado;100
;Liniers;9;2;Usado;129
;Liniers;9;2;Usado;177
;Liniers;9;2;Usado;92
;Liniers;9;2;Usado;64
;Liniers;9;2;Usado;65
;Liniers;9;2;Usado;80
;Liniers;9;2;Usado;155
;Liniers;9;2;Usado;126
;Liniers;9;2;Usado;309
;Liniers;9;2;Usado;248
;Liniers;9;2;Usado;367
;Mataderos;9;2;Usado;944
;Mataderos;9;2;Usado;330
;Mataderos;9;2;Usado;716
;Mataderos;9;2;Usado;823
;Mataderos;9;2;Usado;580
;Mataderos;9;2;Usado;221
;Mataderos;9;2;Usado;228
;Mataderos;9;2;Usado;462
;Mataderos;9;2;Usado;230
;Mataderos;9;2;Usado;162
;Mataderos;9;2;Usado;222
;Mataderos;9;2;Usado;337
;Mataderos;9;2;Usado;83
;Mataderos;9;2;Usado;296
;Mataderos;9;2;Usado;189
;Mataderos;9;2;Usado;317
;Mataderos;9;2;Usado;118
;Mataderos;9;2;Usado;60
;Mataderos;9;2;Usado;142
;Mataderos;9;2;Usado;247
;Monte Castro;10;2;Usado;223
;Monte Castro;10;2;Usado;149
;Monte Castro;10;2;Usado;325
;Monte Castro;10;2;Usado;177
;Monte Castro;10;2;Usado;258
;Monte Castro;10;2;Usado;129
;Monte Castro;10;2;Usado;181
;Monte Castro;10;2;Usado;432
;Monte Castro;10;2;Usado;356
;Monte Castro;10;2;Usado;244
;Monte Castro;10;2;Usado;310
;Monte Castro;10;2;Usado;484
;Monte Castro;10;2;Usado;500
;Monte Castro;10;2;Usado;656
;Monte Castro;10;2;Usado;527
;Monte Castro;10;2;Usado;458
;Monte Castro;10;2;Usado;442
;Monte Castro;10;2;Usado;241
;Monte Castro;10;2;Usado;960
;Monserrat;1;2;Usado;706
;Monserrat;1;2;Usado;1070
;Monserrat;1;2;Usado;1159
;Monserrat;1;2;Usado;1472
;Monserrat;1;2;Usado;1338
;Monserrat;1;2;Usado;1020
;Monserrat;1;2;Usado;843
;Monserrat;1;2;Usado;907
;Monserrat;1;2;Usado;358
;Monserrat;1;2;Usado;1162
;Monserrat;1;2;Usado;1101
;Monserrat;1;2;Usado;886
;Monserrat;1;2;Usado;649
;Monserrat;1;2;Usado;793
;Monserrat;1;2;Usado;1053
;Monserrat;1;2;Usado;748
;Monserrat;1;2;Usado;701
;Monserrat;1;2;Usado;539
;Monserrat;1;2;Usado;509
;Monserrat;1;2;Usado;515
;Monserrat;1;2;Usado;644
;Monserrat;1;2;Usado;928
;Monserrat;1;2;Usado;706
;Monserrat;1;2;Usado;776
;Monserrat;1;2;Usado;1063
;Nueva Pompeya;4;2;Usado;353
;NœÏez;13;2;Usado;482
;NœÏez;13;2;Usado;268
;NœÏez;13;2;Usado;117
;NœÏez;13;2;Usado;360
;NœÏez;13;2;Usado;538
;NœÏez;13;2;Usado;311
;NœÏez;13;2;Usado;509
;NœÏez;13;2;Usado;579
;NœÏez;13;2;Usado;393
;NœÏez;13;2;Usado;228
;NœÏez;13;2;Usado;761
;NœÏez;13;2;Usado;380
;NœÏez;13;2;Usado;652
;NœÏez;13;2;Usado;543
;NœÏez;13;2;Usado;293
;NœÏez;13;2;Usado;392
;NœÏez;13;2;Usado;230
;NœÏez;13;2;Usado;511
;NœÏez;13;2;Usado;322
;NœÏez;13;2;Usado;332
;NœÏez;13;2;Usado;261
;Palermo;14;2;Usado;468
;Palermo;14;2;Usado;386
;Palermo;14;2;Usado;76
;Palermo;14;2;Usado;212
;Palermo;14;2;Usado;597
;Palermo;14;2;Usado;309
;Palermo;14;2;Usado;442
;Palermo;14;2;Usado;206
;Palermo;14;2;Usado;569
;Palermo;14;2;Usado;252
;Palermo;14;2;Usado;295
;Palermo;14;2;Usado;160
;Palermo;14;2;Usado;536
;Palermo;14;2;Usado;728
;Palermo;14;2;Usado;875
;Palermo;14;2;Usado;671
;Palermo;14;2;Usado;162
;Palermo;14;2;Usado;528
;Palermo;14;2;Usado;838
;Palermo;14;2;Usado;334
;Palermo;14;2;Usado;506
;Palermo;14;2;Usado;545
;Palermo;14;2;Usado;542
;Palermo;14;2;Usado;290
;Palermo;14;2;Usado;822
;Palermo;14;2;Usado;980
;Palermo;14;2;Usado;7867
;Palermo;14;2;Usado;5526
;Palermo;14;2;Usado;7454
;Palermo;14;2;Usado;9640
;Palermo;14;2;Usado;8218
;Palermo;14;2;Usado;5916
;Palermo;14;2;Usado;5859
;Palermo;14;2;Usado;8792
;Palermo;14;2;Usado;7499
;Palermo;14;2;Usado;4054
;Palermo;14;2;Usado;8958
;Palermo;14;2;Usado;7652
;Parque Avellaneda;9;2;Usado;7892
;Parque Avellaneda;9;2;Usado;7136
;Parque Avellaneda;9;2;Usado;6358
;Parque Avellaneda;9;2;Usado;7371
;Parque Avellaneda;9;2;Usado;7440
;Parque Avellaneda;9;2;Usado;5372
;Parque Avellaneda;9;2;Usado;5890
;Parque Avellaneda;9;2;Usado;4898
;Parque Avellaneda;9;2;Usado;6553
;Parque Avellaneda;9;2;Usado;5174
;Parque Avellaneda;9;2;Usado;6701
;Parque Avellaneda;9;2;Usado;9119
;Parque Avellaneda;9;2;Usado;8127
;Parque Avellaneda;9;2;Usado;7125
;Parque Chacabuco;7;2;Usado;3513
;Parque Chacabuco;7;2;Usado;2759
;Parque Chacabuco;7;2;Usado;4096
;Parque Chacabuco;7;2;Usado;3549
;Parque Chacabuco;7;2;Usado;3612
;Parque Chacabuco;7;2;Usado;4190
;Parque Chacabuco;7;2;Usado;4967
;Parque Chacabuco;7;2;Usado;4516
;Parque Chacabuco;7;2;Usado;6458
;Parque Chacabuco;7;2;Usado;5293
;Parque Chacabuco;7;2;Usado;4771
;Parque Chacabuco;7;2;Usado;6161
;Parque Chacabuco;7;2;Usado;4306
;Parque Chacabuco;7;2;Usado;5062
;Parque Chacabuco;7;2;Usado;6263
;Parque Chacabuco;7;2;Usado;5353
;Parque Chacabuco;7;2;Usado;6191
;Parque Chacabuco;7;2;Usado;4067
;Parque Chacabuco;7;2;Usado;3318
;Parque Chacabuco;7;2;Usado;5536
;Parque Chacabuco;7;2;Usado;5090
;Parque Chas;15;2;Usado;6519
;Parque Chas;15;2;Usado;4758
;Parque Chas;15;2;Usado;4197
;Parque Chas;15;2;Usado;4329
;Parque Chas;15;2;Usado;3061
;Parque Patricios;4;2;Usado;3936
;Parque Patricios;4;2;Usado;4275
;Parque Patricios;4;2;Usado;4047
;Parque Patricios;4;2;Usado;3797
;Parque Patricios;4;2;Usado;5338
;Parque Patricios;4;2;Usado;5176
;Parque Patricios;4;2;Usado;5191
;Parque Patricios;4;2;Usado;4411
;Parque Patricios;4;2;Usado;5149
;Parque Patricios;4;2;Usado;5082
;Parque Patricios;4;2;Usado;5440
;Parque Patricios;4;2;Usado;6398
;Parque Patricios;4;2;Usado;5650
;Parque Patricios;4;2;Usado;3116
;Parque Patricios;4;2;Usado;4726
;Parque Patricios;4;2;Usado;3719
;Parque Patricios;4;2;Usado;5075
;Parque Patricios;4;2;Usado;4565
;Parque Patricios;4;2;Usado;6176
;Parque Patricios;4;2;Usado;4155
;Parque Patricios;4;2;Usado;4931
;Parque Patricios;4;2;Usado;5095
;Puerto Madero;1;2;Usado;805
;Puerto Madero;1;2;Usado;666
;Puerto Madero;1;2;Usado;775
;Puerto Madero;1;2;Usado;1285
;Puerto Madero;1;2;Usado;1664
;Puerto Madero;1;2;Usado;1421
;Puerto Madero;1;2;Usado;592
;Puerto Madero;1;2;Usado;989
;Puerto Madero;1;2;Usado;892
;Puerto Madero;1;2;Usado;302
;Puerto Madero;1;2;Usado;1043
;Puerto Madero;1;2;Usado;973
;Puerto Madero;1;2;Usado;1080
;Puerto Madero;1;2;Usado;1330
;Puerto Madero;1;2;Usado;1138
;Puerto Madero;1;2;Usado;1070
;Puerto Madero;1;2;Usado;945
;Puerto Madero;1;2;Usado;1183
;Recoleta;2;2;Usado;638
;Recoleta;2;2;Usado;679
;Recoleta;2;2;Usado;541
;Recoleta;2;2;Usado;553
;Recoleta;2;2;Usado;622
;Recoleta;2;2;Usado;618
;Recoleta;2;2;Usado;586
;Recoleta;2;2;Usado;656
;Recoleta;2;2;Usado;33
;Recoleta;2;2;Usado;329
;Recoleta;2;2;Usado;338
;Recoleta;2;2;Usado;304
;Recoleta;2;2;Usado;410
;Recoleta;2;2;Usado;236
;Recoleta;2;2;Usado;275
;Recoleta;2;2;Usado;759
;Recoleta;2;2;Usado;851
;Recoleta;2;2;Usado;647
;Recoleta;2;2;Usado;334
;Recoleta;2;2;Usado;626
;Recoleta;2;2;Usado;858
;Recoleta;2;2;Usado;769
;Recoleta;2;2;Usado;820
;Recoleta;2;2;Usado;1469
;Recoleta;2;2;Usado;261
;Recoleta;2;2;Usado;622
;Recoleta;2;2;Usado;956
;Recoleta;2;2;Usado;940
;Recoleta;2;2;Usado;749
;Recoleta;2;2;Usado;589
;Recoleta;2;2;Usado;498
;Recoleta;2;2;Usado;612
;Recoleta;2;2;Usado;506
;Recoleta;2;2;Usado;514
;Recoleta;2;2;Usado;732
;Recoleta;2;2;Usado;695
;Retiro;1;2;Usado;541
;Retiro;1;2;Usado;345
;Retiro;1;2;Usado;434
;Retiro;1;2;Usado;547
;Retiro;1;2;Usado;466
;Retiro;1;2;Usado;729
;Retiro;1;2;Usado;227
;Retiro;1;2;Usado;487
;Retiro;1;2;Usado;321
;Retiro;1;2;Usado;604
;Retiro;1;2;Usado;601
;Retiro;1;2;Usado;336
;Retiro;1;2;Usado;870
;Retiro;1;2;Usado;373
;Retiro;1;2;Usado;732
;Retiro;1;2;Usado;702
;Retiro;1;2;Usado;522
;Retiro;1;2;Usado;505
;Retiro;1;2;Usado;834
;Saavedra;12;2;Usado;520
;Saavedra;12;2;Usado;705
;Saavedra;12;2;Usado;719
;Saavedra;12;2;Usado;423
;Saavedra;12;2;Usado;754
;Saavedra;12;2;Usado;722
;Saavedra;12;2;Usado;528
;Saavedra;12;2;Usado;826
;Saavedra;12;2;Usado;857
;Saavedra;12;2;Usado;1019
;Saavedra;12;2;Usado;509
;Saavedra;12;2;Usado;1367
;Saavedra;12;2;Usado;476
;Saavedra;12;2;Usado;719
;Saavedra;12;2;Usado;247
;Saavedra;12;2;Usado;376
;Saavedra;12;2;Usado;365
;Saavedra;12;2;Usado;418
;Saavedra;12;2;Usado;422
;Saavedra;12;2;Usado;548
;Saavedra;12;2;Usado;446
;Saavedra;12;2;Usado;415
;Saavedra;12;2;Usado;472
;Saavedra;12;2;Usado;505
;Saavedra;12;2;Usado;624
;Saavedra;12;2;Usado;638
;Saavedra;12;2;Usado;640
;San Crist½bal;3;2;Usado;226
;San Crist½bal;3;2;Usado;138
;San Crist½bal;3;2;Usado;203
;San Crist½bal;3;2;Usado;234
;San Crist½bal;3;2;Usado;286
;San Crist½bal;3;2;Usado;229
;San Crist½bal;3;2;Usado;110
;San Crist½bal;3;2;Usado;354
;San Crist½bal;3;2;Usado;311
;San Crist½bal;3;2;Usado;359
;San Crist½bal;3;2;Usado;187
;San Crist½bal;3;2;Usado;692
;San Crist½bal;3;2;Usado;437
;San Crist½bal;3;2;Usado;391
;San Crist½bal;3;2;Usado;288
;San Crist½bal;3;2;Usado;287
;San Crist½bal;3;2;Usado;394
;San Crist½bal;3;2;Usado;204
;San Crist½bal;3;2;Usado;508
;San Crist½bal;3;2;Usado;379
;San Crist½bal;3;2;Usado;511
;San Crist½bal;3;2;Usado;235
;San Crist½bal;3;2;Usado;528
;San Crist½bal;3;2;Usado;413
;San Crist½bal;3;2;Usado;444
;San Nicolÿs;1;2;Usado;449
;San Nicolÿs;1;2;Usado;354
;San Nicolÿs;1;2;Usado;547
;San Nicolÿs;1;2;Usado;146
;San Nicolÿs;1;2;Usado;83
;San Nicolÿs;1;2;Usado;365
;San Nicolÿs;1;2;Usado;401
;San Nicolÿs;1;2;Usado;486
;San Nicolÿs;1;2;Usado;459
;San Nicolÿs;1;2;Usado;319
;San Nicolÿs;1;2;Usado;221
;San Nicolÿs;1;2;Usado;539
;San Nicolÿs;1;2;Usado;290
;San Nicolÿs;1;2;Usado;392
;San Nicolÿs;1;2;Usado;229
;San Nicolÿs;1;2;Usado;418
;San Nicolÿs;1;2;Usado;409
;San Nicolÿs;1;2;Usado;593
;San Nicolÿs;1;2;Usado;812
;San Nicolÿs;1;2;Usado;341
;San Nicolÿs;1;2;Usado;390
;San Nicolÿs;1;2;Usado;256
;San Nicolÿs;1;2;Usado;233
;San Nicolÿs;1;2;Usado;3615
;San Nicolÿs;1;2;Usado;3610
;San Nicolÿs;1;2;Usado;3449
;San Nicolÿs;1;2;Usado;4693
;San Telmo;1;2;Usado;4023
;San Telmo;1;2;Usado;3549
;San Telmo;1;2;Usado;3594
;San Telmo;1;2;Usado;4050
;San Telmo;1;2;Usado;2776
;San Telmo;1;2;Usado;2208
;San Telmo;1;2;Usado;2646
;San Telmo;1;2;Usado;2486
;San Telmo;1;2;Usado;2594
;San Telmo;1;2;Usado;2895
;San Telmo;1;2;Usado;1844
;San Telmo;1;2;Usado;3215
;San Telmo;1;2;Usado;1917
;San Telmo;1;2;Usado;1945
;San Telmo;1;2;Usado;2162
;San Telmo;1;2;Usado;1180
;San Telmo;1;2;Usado;1712
;San Telmo;1;2;Usado;1832
;San Telmo;1;2;Usado;1878
;San Telmo;1;2;Usado;2239
;San Telmo;1;2;Usado;2072
;San Telmo;1;2;Usado;3529
;V?lez Sarsfield;10;2;Usado;1132
;V?lez Sarsfield;10;2;Usado;1421
;V?lez Sarsfield;10;2;Usado;1611
;V?lez Sarsfield;10;2;Usado;701
;V?lez Sarsfield;10;2;Usado;2074
;V?lez Sarsfield;10;2;Usado;1952
;V?lez Sarsfield;10;2;Usado;1430
;V?lez Sarsfield;10;2;Usado;1452
;V?lez Sarsfield;10;2;Usado;2105
;V?lez Sarsfield;10;2;Usado;1358
;V?lez Sarsfield;10;2;Usado;1656
;V?lez Sarsfield;10;2;Usado;1904
;V?lez Sarsfield;10;2;Usado;2483
;V?lez Sarsfield;10;2;Usado;1813
;V?lez Sarsfield;10;2;Usado;2420
;V?lez Sarsfield;10;2;Usado;1735
;V?lez Sarsfield;10;2;Usado;1558
;V?lez Sarsfield;10;2;Usado;1657
;V?lez Sarsfield;10;2;Usado;1414
;V?lez Sarsfield;10;2;Usado;1634
;V?lez Sarsfield;10;2;Usado;2501
;V?lez Sarsfield;10;2;Usado;1631
;Villa Crespo;15;2;Usado;1179
;Villa Crespo;15;2;Usado;1726
;Villa Crespo;15;2;Usado;1898
;Villa Crespo;15;2;Usado;1100
;Villa Crespo;15;2;Usado;1545
;Villa Crespo;15;2;Usado;848
;Villa Crespo;15;2;Usado;1611
;Villa Crespo;15;2;Usado;1212
;Villa Crespo;15;2;Usado;2137
;Villa Crespo;15;2;Usado;940
;Villa Crespo;15;2;Usado;1594
;Villa Crespo;15;2;Usado;1196
;Villa Crespo;15;2;Usado;2465
;Villa Crespo;15;2;Usado;1559
;Villa Crespo;15;2;Usado;1586
;Villa Crespo;15;2;Usado;2145
;Villa Crespo;15;2;Usado;1155
;Villa Crespo;15;2;Usado;976
;Villa Crespo;15;2;Usado;1569
;Villa Crespo;15;2;Usado;1346
;Villa Crespo;15;2;Usado;1235
;Villa Crespo;15;2;Usado;2155
;Villa Crespo;15;2;Usado;1180
;Villa Crespo;15;2;Usado;1994
;Villa Crespo;15;2;Usado;1658
;Villa Crespo;15;2;Usado;1977
;Villa Crespo;15;2;Usado;850
;Villa Crespo;15;2;Usado;658
;Villa Crespo;15;2;Usado;975
;Villa Crespo;15;2;Usado;930
;Villa Crespo;15;2;Usado;1332
;Villa Crespo;15;2;Usado;663
;Villa Crespo;15;2;Usado;525
;Villa Crespo;15;2;Usado;1047
;Villa Crespo;15;2;Usado;1133
;Villa Crespo;15;2;Usado;392
;Villa Crespo;15;2;Usado;1049
;Villa Del Parque;11;2;Usado;963
;Villa Del Parque;11;2;Usado;804
;Villa Del Parque;11;2;Usado;738
;Villa Del Parque;11;2;Usado;915
;Villa Del Parque;11;2;Usado;636
;Villa Del Parque;11;2;Usado;861
;Villa Del Parque;11;2;Usado;558
;Villa Del Parque;11;2;Usado;517
;Villa Del Parque;11;2;Usado;431
;Villa Del Parque;11;2;Usado;741
;Villa Del Parque;11;2;Usado;476
;Villa Del Parque;11;2;Usado;444
;Villa Del Parque;11;2;Usado;732
;Villa Del Parque;11;2;Usado;409
;Villa Del Parque;11;2;Usado;369
;Villa Del Parque;11;2;Usado;418
;Villa Del Parque;11;2;Usado;836
;Villa Del Parque;11;2;Usado;591
;Villa Del Parque;11;2;Usado;362
;Villa Del Parque;11;2;Usado;784
;Villa Del Parque;11;2;Usado;453
;Villa Del Parque;11;2;Usado;451
;Villa Del Parque;11;2;Usado;457
;Villa Del Parque;11;2;Usado;226
;Villa Del Parque;11;2;Usado;814
;Villa Del Parque;11;2;Usado;342
;Villa Del Parque;11;2;Usado;972
;Villa Del Parque;11;2;Usado;591
;Villa Devoto;11;2;Usado;373
;Villa Devoto;11;2;Usado;766
;Villa Devoto;11;2;Usado;214
;Villa Devoto;11;2;Usado;660
;Villa Devoto;11;2;Usado;327
;Villa Devoto;11;2;Usado;669
;Villa Devoto;11;2;Usado;521
;Villa Devoto;11;2;Usado;299
;Villa Devoto;11;2;Usado;1133
;Villa Devoto;11;2;Usado;316
;Villa Devoto;11;2;Usado;810
;Villa Devoto;11;2;Usado;339
;Villa Devoto;11;2;Usado;364
;Villa Devoto;11;2;Usado;372
;Villa Devoto;11;2;Usado;238
;Villa Devoto;11;2;Usado;377
;Villa Devoto;11;2;Usado;301
;Villa Devoto;11;2;Usado;399
;Villa Devoto;11;2;Usado;240
;Villa Devoto;11;2;Usado;808
;Villa Devoto;11;2;Usado;171
;Villa Devoto;11;2;Usado;440
;Villa Devoto;11;2;Usado;425
;Villa Devoto;11;2;Usado;288
;Villa Devoto;11;2;Usado;355
;Villa Devoto;11;2;Usado;237
;Villa Devoto;11;2;Usado;162
;Villa Devoto;11;2;Usado;195
;Villa Devoto;11;2;Usado;615
;Villa General Mitre;11;2;Usado;512
;Villa General Mitre;11;2;Usado;571
;Villa General Mitre;11;2;Usado;654
;Villa General Mitre;11;2;Usado;521
;Villa General Mitre;11;2;Usado;447
;Villa General Mitre;11;2;Usado;395
;Villa General Mitre;11;2;Usado;4200
;Villa General Mitre;11;2;Usado;3121
;Villa General Mitre;11;2;Usado;3279
;Villa General Mitre;11;2;Usado;4056
;Villa General Mitre;11;2;Usado;3469
;Villa General Mitre;11;2;Usado;4121
;Villa General Mitre;11;2;Usado;2225
;Villa General Mitre;11;2;Usado;4888
;Villa General Mitre;11;2;Usado;4495
;Villa General Mitre;11;2;Usado;2461
;Villa General Mitre;11;2;Usado;5432
;Villa General Mitre;11;2;Usado;4711
;Villa Lugano;8;2;Usado;5077
;Villa Lugano;8;2;Usado;4164
;Villa Lugano;8;2;Usado;4905
;Villa Luro;10;2;Usado;4808
;Villa Luro;10;2;Usado;4646
;Villa Luro;10;2;Usado;3522
;Villa Luro;10;2;Usado;3653
;Villa Luro;10;2;Usado;4053
;Villa Luro;10;2;Usado;3855
;Villa Luro;10;2;Usado;3401
;Villa Luro;10;2;Usado;3551
;Villa Luro;10;2;Usado;4146
;Villa Luro;10;2;Usado;3535
;Villa Luro;10;2;Usado;2613
;Villa Luro;10;2;Usado;2577
;Villa Luro;10;2;Usado;2482
;Villa Luro;10;2;Usado;1663
;Villa Luro;10;2;Usado;1263
;Villa Luro;10;2;Usado;1478
;Villa Luro;10;2;Usado;1893
;Villa Luro;10;2;Usado;3265
;Villa Luro;10;2;Usado;2478
;Villa Ortœzar;15;2;Usado;2803
;Villa Ortœzar;15;2;Usado;2043
;Villa Ortœzar;15;2;Usado;2320
;Villa Ortœzar;15;2;Usado;2436
;Villa Ortœzar;15;2;Usado;3017
;Villa Ortœzar;15;2;Usado;2577
;Villa Ortœzar;15;2;Usado;2583
;Villa Ortœzar;15;2;Usado;3023
;Villa Ortœzar;15;2;Usado;2758
;Villa Ortœzar;15;2;Usado;2489
;Villa Ortœzar;15;2;Usado;1974
;Villa Ortœzar;15;2;Usado;1980
;Villa Ortœzar;15;2;Usado;2832
;Villa Ortœzar;15;2;Usado;2116
;Villa Pueyrred½n;12;2;Usado;2366
;Villa Pueyrred½n;12;2;Usado;2283
;Villa Pueyrred½n;12;2;Usado;1715
;Villa Pueyrred½n;12;2;Usado;1280
;Villa Pueyrred½n;12;2;Usado;2141
;Villa Pueyrred½n;12;2;Usado;2310
;Villa Pueyrred½n;12;2;Usado;1414
;Villa Pueyrred½n;12;2;Usado;1800
;Villa Pueyrred½n;12;2;Usado;2642
;Villa Pueyrred½n;12;2;Usado;2252
;Villa Pueyrred½n;12;2;Usado;2190
;Villa Pueyrred½n;12;2;Usado;3004
;Villa Pueyrred½n;12;2;Usado;2864
;Villa Pueyrred½n;12;2;Usado;2577
;Villa Pueyrred½n;12;2;Usado;2292
;Villa Pueyrred½n;12;2;Usado;2626
;Villa Pueyrred½n;12;2;Usado;2696
;Villa Pueyrred½n;12;2;Usado;2155
;Villa Pueyrred½n;12;2;Usado;1811
;Villa Riachuelo;8;2;Usado;2780
;Villa Riachuelo;8;2;Usado;2255
;Villa Riachuelo;8;2;Usado;2244
;Villa Santa Rita;11;2;Usado;2614
;Villa Santa Rita;11;2;Usado;2356
;Villa Santa Rita;11;2;Usado;2324
;Villa Santa Rita;11;2;Usado;2659
;Villa Santa Rita;11;2;Usado;1098
;Villa Santa Rita;11;2;Usado;1022
;Villa Santa Rita;11;2;Usado;1823
;Villa Santa Rita;11;2;Usado;2772
;Villa Santa Rita;11;2;Usado;859
;Villa Santa Rita;11;2;Usado;1226
;Villa Santa Rita;11;2;Usado;1094
;Villa Santa Rita;11;2;Usado;1030
;Villa Santa Rita;11;2;Usado;1496
;Villa Santa Rita;11;2;Usado;1106
;Villa Santa Rita;11;2;Usado;1974
;Villa Santa Rita;11;2;Usado;995
;Villa Santa Rita;11;2;Usado;1191
;Villa Santa Rita;11;2;Usado;1010
;Villa Santa Rita;11;2;Usado;1153
;Villa Santa Rita;11;2;Usado;1094
;Villa Santa Rita;11;2;Usado;1098
;Villa Santa Rita;11;2;Usado;682
;Villa Santa Rita;11;2;Usado;544
;Villa Urquiza;12;2;Usado;805
;Villa Urquiza;12;2;Usado;927
;Villa Urquiza;12;2;Usado;608
;Villa Urquiza;12;2;Usado;740
;Villa Urquiza;12;2;Usado;1443
;Villa Urquiza;12;2;Usado;1708
;Villa Urquiza;12;2;Usado;1305
;Villa Urquiza;12;2;Usado;638
;Villa Urquiza;12;2;Usado;263
;Villa Urquiza;12;2;Usado;322
;Villa Urquiza;12;2;Usado;420
;Villa Urquiza;12;2;Usado;100
;Villa Urquiza;12;2;Usado;658
;Villa Urquiza;12;2;Usado;622
;Villa Urquiza;12;2;Usado;676
;Villa Urquiza;12;2;Usado;630
;Villa Urquiza;12;2;Usado;703
;Villa Urquiza;12;2;Usado;666
;Villa Urquiza;12;2;Usado;710
;Villa Urquiza;12;2;Usado;492
;Villa Urquiza;12;2;Usado;1022
;Villa Urquiza;12;2;Usado;741
;Villa Urquiza;12;2;Usado;758
;Villa Urquiza;12;2;Usado;546
;Villa Urquiza;12;2;Usado;805
;Villa Urquiza;12;2;Usado;361
;Villa Urquiza;12;2;Usado;814
;Villa Urquiza;12;2;Usado;565
;Villa Urquiza;12;2;Usado;713
;Villa Urquiza;12;2;Usado;787
;Villa Urquiza;12;2;Usado;740
;Villa Urquiza;12;2;Usado;477
;Villa Urquiza;12;2;Usado;359
;Villa Urquiza;12;2;Usado;700
;Villa Urquiza;12;2;Usado;322
;Villa Urquiza;12;2;Usado;378
;Villa Urquiza;12;2;Usado;366
;Agronom­a;15;3;Usado;751
;Agronom­a;15;3;Usado;505
;Agronom­a;15;3;Usado;548
;Agronom­a;15;3;Usado;345
;Almagro;5;3;Usado;550
;Almagro;5;3;Usado;491
;Almagro;5;3;Usado;432
;Almagro;5;3;Usado;880
;Almagro;5;3;Usado;421
;Almagro;5;3;Usado;387
;Almagro;5;3;Usado;806
;Almagro;5;3;Usado;536
;Almagro;5;3;Usado;695
;Almagro;5;3;Usado;404
;Almagro;5;3;Usado;527
;Almagro;5;3;Usado;525
;Almagro;5;3;Usado;500
;Almagro;5;3;Usado;474
;Almagro;5;3;Usado;98
;Almagro;5;3;Usado;160
;Almagro;5;3;Usado;130
;Almagro;5;3;Usado;402
;Almagro;5;3;Usado;189
;Almagro;5;3;Usado;481
;Almagro;5;3;Usado;161
;Almagro;5;3;Usado;591
;Almagro;5;3;Usado;280
;Almagro;5;3;Usado;171
;Almagro;5;3;Usado;428
;Almagro;5;3;Usado;136
;Almagro;5;3;Usado;398
;Almagro;5;3;Usado;129
;Almagro;5;3;Usado;249
;Almagro;5;3;Usado;213
;Almagro;5;3;Usado;260
;Almagro;5;3;Usado;522
;Almagro;5;3;Usado;335
;Almagro;5;3;Usado;107
;Almagro;5;3;Usado;131
;Almagro;5;3;Usado;242
;Almagro;5;3;Usado;189
;Almagro;5;3;Usado;251
;Balvanera;3;3;Usado;252
;Balvanera;3;3;Usado;42
;Balvanera;3;3;Usado;74
;Balvanera;3;3;Usado;36
;Balvanera;3;3;Usado;38
;Balvanera;3;3;Usado;92
;Balvanera;3;3;Usado;111
;Balvanera;3;3;Usado;133
;Balvanera;3;3;Usado;89
;Balvanera;3;3;Usado;187
;Balvanera;3;3;Usado;217
;Balvanera;3;3;Usado;171
;Balvanera;3;3;Usado;139
;Balvanera;3;3;Usado;169
;Balvanera;3;3;Usado;165
;Balvanera;3;3;Usado;140
;Balvanera;3;3;Usado;78
;Balvanera;3;3;Usado;114
;Balvanera;3;3;Usado;309
;Balvanera;3;3;Usado;147
;Balvanera;3;3;Usado;152
;Balvanera;3;3;Usado;276
;Balvanera;3;3;Usado;25
;Balvanera;3;3;Usado;64
;Balvanera;3;3;Usado;34
;Balvanera;3;3;Usado;35
;Balvanera;3;3;Usado;30
;Balvanera;3;3;Usado;172
;Balvanera;3;3;Usado;54
;Balvanera;3;3;Usado;86
;Balvanera;3;3;Usado;147
;Balvanera;3;3;Usado;94
;Balvanera;3;3;Usado;109
;Balvanera;3;3;Usado;33
;Balvanera;3;3;Usado;202
;Balvanera;3;3;Usado;121
;Barracas;4;3;Usado;160
;Barracas;4;3;Usado;60
;Barracas;4;3;Usado;144
;Barracas;4;3;Usado;217
;Barracas;4;3;Usado;79
;Barracas;4;3;Usado;136
;Barracas;4;3;Usado;84
;Barracas;4;3;Usado;52
;Barracas;4;3;Usado;427
;Barracas;4;3;Usado;1005
;Barracas;4;3;Usado;472
;Barracas;4;3;Usado;552
;Barracas;4;3;Usado;618
;Barracas;4;3;Usado;638
;Barracas;4;3;Usado;754
;Barracas;4;3;Usado;989
;Barracas;4;3;Usado;941
;Barracas;4;3;Usado;544
;Barracas;4;3;Usado;426
;Barracas;4;3;Usado;429
;Barracas;4;3;Usado;245
;Barracas;4;3;Usado;226
;Barracas;4;3;Usado;429
;Barracas;4;3;Usado;418
;Barracas;4;3;Usado;673
;Barracas;4;3;Usado;575
;Barracas;4;3;Usado;461
;Barracas;4;3;Usado;717
;Barracas;4;3;Usado;523
;Barracas;4;3;Usado;380
;Belgrano;13;3;Usado;583
;Belgrano;13;3;Usado;589
;Belgrano;13;3;Usado;590
;Belgrano;13;3;Usado;581
;Belgrano;13;3;Usado;236
;Belgrano;13;3;Usado;459
;Belgrano;13;3;Usado;162
;Belgrano;13;3;Usado;548
;Belgrano;13;3;Usado;202
;Belgrano;13;3;Usado;178
;Belgrano;13;3;Usado;333
;Belgrano;13;3;Usado;511
;Belgrano;13;3;Usado;444
;Belgrano;13;3;Usado;656
;Belgrano;13;3;Usado;343
;Belgrano;13;3;Usado;398
;Belgrano;13;3;Usado;306
;Belgrano;13;3;Usado;455
;Belgrano;13;3;Usado;430
;Belgrano;13;3;Usado;430
;Belgrano;13;3;Usado;526
;Belgrano;13;3;Usado;341
;Belgrano;13;3;Usado;501
;Belgrano;13;3;Usado;611
;Belgrano;13;3;Usado;506
;Belgrano;13;3;Usado;627
;Belgrano;13;3;Usado;273
;Belgrano;13;3;Usado;722
;Belgrano;13;3;Usado;955
;Belgrano;13;3;Usado;321
;Belgrano;13;3;Usado;297
;Belgrano;13;3;Usado;859
;Belgrano;13;3;Usado;446
;Belgrano;13;3;Usado;40
;Belgrano;13;3;Usado;134
;Belgrano;13;3;Usado;437
;Belgrano;13;3;Usado;511
;Belgrano;13;3;Usado;700
;La Boca;4;3;Usado;205
;La Boca;4;3;Usado;377
;La Boca;4;3;Usado;697
;La Boca;4;3;Usado;405
;La Boca;4;3;Usado;679
;La Boca;4;3;Usado;290
;La Boca;4;3;Usado;941
;La Boca;4;3;Usado;804
;La Boca;4;3;Usado;781
;La Boca;4;3;Usado;699
;La Boca;4;3;Usado;927
;La Boca;4;3;Usado;806
;La Boca;4;3;Usado;340
;La Boca;4;3;Usado;491
;La Boca;4;3;Usado;266
;La Boca;4;3;Usado;616
;La Boca;4;3;Usado;260
;La Boca;4;3;Usado;801
;La Boca;4;3;Usado;388
;La Boca;4;3;Usado;125
;La Boca;4;3;Usado;221
;La Boca;4;3;Usado;292
;La Boca;4;3;Usado;150
;La Boca;4;3;Usado;170
;La Boca;4;3;Usado;269
;Boedo;5;3;Usado;337
;Boedo;5;3;Usado;230
;Boedo;5;3;Usado;340
;Boedo;5;3;Usado;219
;Boedo;5;3;Usado;323
;Boedo;5;3;Usado;257
;Boedo;5;3;Usado;241
;Boedo;5;3;Usado;349
;Boedo;5;3;Usado;391
;Boedo;5;3;Usado;219
;Boedo;5;3;Usado;299
;Boedo;5;3;Usado;260
;Boedo;5;3;Usado;382
;Boedo;5;3;Usado;394
;Boedo;5;3;Usado;246
;Boedo;5;3;Usado;169
;Boedo;5;3;Usado;165
;Boedo;5;3;Usado;36
;Boedo;5;3;Usado;260
;Boedo;5;3;Usado;70
;Boedo;5;3;Usado;183
;Boedo;5;3;Usado;192
;Boedo;5;3;Usado;397
;Caballito;6;3;Usado;480
;Caballito;6;3;Usado;186
;Caballito;6;3;Usado;85
;Caballito;6;3;Usado;117
;Caballito;6;3;Usado;175
;Caballito;6;3;Usado;223
;Caballito;6;3;Usado;290
;Caballito;6;3;Usado;162
;Caballito;6;3;Usado;193
;Caballito;6;3;Usado;186
;Caballito;6;3;Usado;474
;Caballito;6;3;Usado;541
;Caballito;6;3;Usado;400
;Caballito;6;3;Usado;121
;Caballito;6;3;Usado;385
;Caballito;6;3;Usado;315
;Caballito;6;3;Usado;325
;Caballito;6;3;Usado;156
;Caballito;6;3;Usado;124
;Caballito;6;3;Usado;451
;Caballito;6;3;Usado;95
;Caballito;6;3;Usado;126
;Caballito;6;3;Usado;292
;Caballito;6;3;Usado;344
;Caballito;6;3;Usado;161
;Caballito;6;3;Usado;309
;Caballito;6;3;Usado;300
;Caballito;6;3;Usado;301
;Caballito;6;3;Usado;235
;Caballito;6;3;Usado;130
;Caballito;6;3;Usado;552
;Caballito;6;3;Usado;173
;Caballito;6;3;Usado;578
;Caballito;6;3;Usado;361
;Caballito;6;3;Usado;556
;Caballito;6;3;Usado;118
;Caballito;6;3;Usado;311
;Caballito;6;3;Usado;440
;Chacarita;15;3;Usado;87
;Chacarita;15;3;Usado;276
;Chacarita;15;3;Usado;435
;Chacarita;15;3;Usado;482
;Chacarita;15;3;Usado;369
;Chacarita;15;3;Usado;894
;Chacarita;15;3;Usado;439
;Chacarita;15;3;Usado;769
;Chacarita;15;3;Usado;277
;Chacarita;15;3;Usado;753
;Chacarita;15;3;Usado;622
;Chacarita;15;3;Usado;319
;Chacarita;15;3;Usado;746
;Chacarita;15;3;Usado;775
;Chacarita;15;3;Usado;642
;Chacarita;15;3;Usado;740
;Chacarita;15;3;Usado;427
;Chacarita;15;3;Usado;812
;Chacarita;15;3;Usado;650
;Chacarita;15;3;Usado;523
;Chacarita;15;3;Usado;200
;Chacarita;15;3;Usado;529
;Chacarita;15;3;Usado;225
;Chacarita;15;3;Usado;364
;Chacarita;15;3;Usado;467
;Coghlan;12;3;Usado;815
;Coghlan;12;3;Usado;616
;Coghlan;12;3;Usado;502
;Coghlan;12;3;Usado;476
;Coghlan;12;3;Usado;638
;Coghlan;12;3;Usado;195
;Coghlan;12;3;Usado;253
;Coghlan;12;3;Usado;320
;Coghlan;12;3;Usado;279
;Coghlan;12;3;Usado;361
;Coghlan;12;3;Usado;638
;Coghlan;12;3;Usado;401
;Colegiales;13;3;Usado;620
;Colegiales;13;3;Usado;143
;Colegiales;13;3;Usado;294
;Colegiales;13;3;Usado;746
;Colegiales;13;3;Usado;419
;Colegiales;13;3;Usado;543
;Colegiales;13;3;Usado;469
;Colegiales;13;3;Usado;444
;Colegiales;13;3;Usado;250
;Colegiales;13;3;Usado;389
;Colegiales;13;3;Usado;534
;Colegiales;13;3;Usado;256
;Colegiales;13;3;Usado;649
;Colegiales;13;3;Usado;276
;Colegiales;13;3;Usado;417
;Colegiales;13;3;Usado;227
;Colegiales;13;3;Usado;259
;Colegiales;13;3;Usado;531
;Colegiales;13;3;Usado;790
;Colegiales;13;3;Usado;384
;Colegiales;13;3;Usado;239
;Colegiales;13;3;Usado;353
;Colegiales;13;3;Usado;553
;Constituci½n;1;3;Usado;546
;Constituci½n;1;3;Usado;393
;Constituci½n;1;3;Usado;527
;Constituci½n;1;3;Usado;477
;Constituci½n;1;3;Usado;370
;Constituci½n;1;3;Usado;443
;Constituci½n;1;3;Usado;437
;Constituci½n;1;3;Usado;299
;Constituci½n;1;3;Usado;701
;Constituci½n;1;3;Usado;458
;Constituci½n;1;3;Usado;669
;Constituci½n;1;3;Usado;347
;Constituci½n;1;3;Usado;623
;Constituci½n;1;3;Usado;397
;Constituci½n;1;3;Usado;453
;Constituci½n;1;3;Usado;856
;Constituci½n;1;3;Usado;2041
;Constituci½n;1;3;Usado;1853
;Constituci½n;1;3;Usado;1589
;Constituci½n;1;3;Usado;2330
;Constituci½n;1;3;Usado;1502
;Constituci½n;1;3;Usado;1500
;Constituci½n;1;3;Usado;950
;Constituci½n;1;3;Usado;1579
;Constituci½n;1;3;Usado;1017
;Flores;7;3;Usado;1067
;Flores;7;3;Usado;1125
;Flores;7;3;Usado;737
;Flores;7;3;Usado;1848
;Flores;7;3;Usado;1170
;Flores;7;3;Usado;1420
;Flores;7;3;Usado;1242
;Flores;7;3;Usado;1127
;Flores;7;3;Usado;604
;Flores;7;3;Usado;786
;Flores;7;3;Usado;886
;Flores;7;3;Usado;515
;Flores;7;3;Usado;907
;Flores;7;3;Usado;1153
;Flores;7;3;Usado;1360
;Flores;7;3;Usado;1049
;Flores;7;3;Usado;1520
;Flores;7;3;Usado;397
;Flores;7;3;Usado;890
;Flores;7;3;Usado;855
;Flores;7;3;Usado;632
;Flores;7;3;Usado;705
;Flores;7;3;Usado;1030
;Flores;7;3;Usado;943
;Flores;7;3;Usado;1113
;Flores;7;3;Usado;927
;Flores;7;3;Usado;954
;Flores;7;3;Usado;1142
;Flores;7;3;Usado;868
;Flores;7;3;Usado;1364
;Flores;7;3;Usado;1382
;Flores;7;3;Usado;1005
;Flores;7;3;Usado;1513
;Flores;7;3;Usado;1275
;Flores;7;3;Usado;885
;Flores;7;3;Usado;1243
;Floresta;10;3;Usado;985
;Floresta;10;3;Usado;895
;Floresta;10;3;Usado;749
;Floresta;10;3;Usado;1164
;Floresta;10;3;Usado;573
;Floresta;10;3;Usado;523
;Floresta;10;3;Usado;311
;Floresta;10;3;Usado;379
;Floresta;10;3;Usado;814
;Floresta;10;3;Usado;652
;Floresta;10;3;Usado;496
;Floresta;10;3;Usado;1117
;Floresta;10;3;Usado;772
;Floresta;10;3;Usado;738
;Floresta;10;3;Usado;629
;Floresta;10;3;Usado;1285
;Floresta;10;3;Usado;873
;Floresta;10;3;Usado;976
;Floresta;10;3;Usado;758
;Floresta;10;3;Usado;529
;Floresta;10;3;Usado;920
;Floresta;10;3;Usado;746
;Floresta;10;3;Usado;683
;Floresta;10;3;Usado;1033
;Floresta;10;3;Usado;1174
;Floresta;10;3;Usado;1169
;Floresta;10;3;Usado;1270
;Floresta;10;3;Usado;711
;Floresta;10;3;Usado;1211
;Paternal;15;3;Usado;202
;Liniers;9;3;Usado;367
;Liniers;9;3;Usado;247
;Liniers;9;3;Usado;521
;Liniers;9;3;Usado;97
;Liniers;9;3;Usado;487
;Liniers;9;3;Usado;117
;Liniers;9;3;Usado;378
;Liniers;9;3;Usado;442
;Liniers;9;3;Usado;117
;Liniers;9;3;Usado;326
;Liniers;9;3;Usado;289
;Liniers;9;3;Usado;423
;Liniers;9;3;Usado;155
;Liniers;9;3;Usado;283
;Liniers;9;3;Usado;693
;Liniers;9;3;Usado;429
;Liniers;9;3;Usado;35
;Liniers;9;3;Usado;78
;Liniers;9;3;Usado;276
;Liniers;9;3;Usado;206
;Liniers;9;3;Usado;146
;Liniers;9;3;Usado;105
;Liniers;9;3;Usado;118
;Liniers;9;3;Usado;201
;Liniers;9;3;Usado;320
;Liniers;9;3;Usado;147
;Liniers;9;3;Usado;170
;Mataderos;9;3;Usado;110
;Mataderos;9;3;Usado;110
;Mataderos;9;3;Usado;62
;Mataderos;9;3;Usado;50
;Mataderos;9;3;Usado;51
;Mataderos;9;3;Usado;55
;Mataderos;9;3;Usado;71
;Mataderos;9;3;Usado;46
;Mataderos;9;3;Usado;126
;Mataderos;9;3;Usado;94
;Mataderos;9;3;Usado;105
;Mataderos;9;3;Usado;249
;Mataderos;9;3;Usado;134
;Mataderos;9;3;Usado;50
;Mataderos;9;3;Usado;36
;Mataderos;9;3;Usado;260
;Mataderos;9;3;Usado;128
;Mataderos;9;3;Usado;120
;Mataderos;9;3;Usado;156
;Mataderos;9;3;Usado;123
;Mataderos;9;3;Usado;66
;Mataderos;9;3;Usado;73
;Mataderos;9;3;Usado;200
;Mataderos;9;3;Usado;109
;Monte Castro;10;3;Usado;130
;Monte Castro;10;3;Usado;46
;Monte Castro;10;3;Usado;123
;Monte Castro;10;3;Usado;253
;Monte Castro;10;3;Usado;201
;Monte Castro;10;3;Usado;124
;Monte Castro;10;3;Usado;104
;Monte Castro;10;3;Usado;96
;Monte Castro;10;3;Usado;55
;Monte Castro;10;3;Usado;108
;Monte Castro;10;3;Usado;34
;Monte Castro;10;3;Usado;114
;Monte Castro;10;3;Usado;106
;Monte Castro;10;3;Usado;73
;Monte Castro;10;3;Usado;118
;Monte Castro;10;3;Usado;205
;Monte Castro;10;3;Usado;3728
;Monte Castro;10;3;Usado;3281
;Monte Castro;10;3;Usado;3358
;Monte Castro;10;3;Usado;4118
;Monte Castro;10;3;Usado;4502
;Monte Castro;10;3;Usado;4823
;Monte Castro;10;3;Usado;3479
;Monte Castro;10;3;Usado;4767
;Monserrat;1;3;Usado;4551
;Monserrat;1;3;Usado;2618
;Monserrat;1;3;Usado;3715
;Monserrat;1;3;Usado;4076
;Monserrat;1;3;Usado;3846
;Monserrat;1;3;Usado;3581
;Monserrat;1;3;Usado;3697
;Monserrat;1;3;Usado;3723
;Monserrat;1;3;Usado;3053
;Monserrat;1;3;Usado;3474
;Monserrat;1;3;Usado;3500
;Monserrat;1;3;Usado;3111
;Monserrat;1;3;Usado;2326
;Monserrat;1;3;Usado;2602
;Monserrat;1;3;Usado;3544
;Monserrat;1;3;Usado;4662
;Monserrat;1;3;Usado;3658
;Monserrat;1;3;Usado;4655
;Monserrat;1;3;Usado;1862
;Monserrat;1;3;Usado;2424
;Monserrat;1;3;Usado;2065
;Monserrat;1;3;Usado;2447
;Monserrat;1;3;Usado;1919
;Monserrat;1;3;Usado;2399
;Nueva Pompeya;4;3;Usado;2623
;Nueva Pompeya;4;3;Usado;2279
;Nueva Pompeya;4;3;Usado;2063
;Nueva Pompeya;4;3;Usado;2151
;Nueva Pompeya;4;3;Usado;2051
;NœÏez;13;3;Usado;2472
;NœÏez;13;3;Usado;2625
;NœÏez;13;3;Usado;2116
;NœÏez;13;3;Usado;2147
;NœÏez;13;3;Usado;2229
;NœÏez;13;3;Usado;2405
;NœÏez;13;3;Usado;2679
;NœÏez;13;3;Usado;2143
;NœÏez;13;3;Usado;3521
;NœÏez;13;3;Usado;3044
;NœÏez;13;3;Usado;2061
;NœÏez;13;3;Usado;3307
;NœÏez;13;3;Usado;2894
;NœÏez;13;3;Usado;2428
;NœÏez;13;3;Usado;2166
;NœÏez;13;3;Usado;2257
;NœÏez;13;3;Usado;2220
;NœÏez;13;3;Usado;2568
;NœÏez;13;3;Usado;2079
;NœÏez;13;3;Usado;1759
;NœÏez;13;3;Usado;1626
;NœÏez;13;3;Usado;1640
;NœÏez;13;3;Usado;2292
;NœÏez;13;3;Usado;1765
;NœÏez;13;3;Usado;2004
;NœÏez;13;3;Usado;2617
;NœÏez;13;3;Usado;2425
;NœÏez;13;3;Usado;2283
;NœÏez;13;3;Usado;2246
;NœÏez;13;3;Usado;1988
;NœÏez;13;3;Usado;1967
;Palermo;14;3;Usado;2310
;Palermo;14;3;Usado;2327
;Palermo;14;3;Usado;3347
;Palermo;14;3;Usado;1986
;Palermo;14;3;Usado;2141
;Palermo;14;3;Usado;2216
;Palermo;14;3;Usado;21294
;Palermo;14;3;Usado;15584
;Palermo;14;3;Usado;19075
;Palermo;14;3;Usado;22029
;Palermo;14;3;Usado;17705
;Palermo;14;3;Usado;16234
;Palermo;14;3;Usado;12011
;Palermo;14;3;Usado;16646
;Palermo;14;3;Usado;15378
;Palermo;14;3;Usado;8188
;Palermo;14;3;Usado;16564
;Palermo;14;3;Usado;13968
;Palermo;14;3;Usado;17594
;Palermo;14;3;Usado;14437
;Palermo;14;3;Usado;15030
;Palermo;14;3;Usado;18950
;Palermo;14;3;Usado;14923
;Palermo;14;3;Usado;10034
;Palermo;14;3;Usado;9358
;Palermo;14;3;Usado;9853
;Palermo;14;3;Usado;9522
;Palermo;14;3;Usado;11227
;Palermo;14;3;Usado;12259
;Palermo;14;3;Usado;16307
;Palermo;14;3;Usado;16535
;Palermo;14;3;Usado;14962
;Palermo;14;3;Usado;7712
;Palermo;14;3;Usado;8381
;Palermo;14;3;Usado;9441
;Palermo;14;3;Usado;10034
;Palermo;14;3;Usado;11704
;Palermo;14;3;Usado;10119
;Parque Avellaneda;9;3;Usado;12235
;Parque Avellaneda;9;3;Usado;11069
;Parque Avellaneda;9;3;Usado;13125
;Parque Avellaneda;9;3;Usado;11299
;Parque Avellaneda;9;3;Usado;11629
;Parque Avellaneda;9;3;Usado;12784
;Parque Avellaneda;9;3;Usado;14864
;Parque Avellaneda;9;3;Usado;13886
;Parque Avellaneda;9;3;Usado;13362
;Parque Avellaneda;9;3;Usado;13308
;Parque Avellaneda;9;3;Usado;9608
;Parque Avellaneda;9;3;Usado;10483
;Parque Avellaneda;9;3;Usado;11070
;Parque Avellaneda;9;3;Usado;12939
;Parque Avellaneda;9;3;Usado;12837
;Parque Avellaneda;9;3;Usado;12164
;Parque Avellaneda;9;3;Usado;12480
;Parque Avellaneda;9;3;Usado;12285
;Parque Avellaneda;9;3;Usado;9549
;Parque Avellaneda;9;3;Usado;9978
;Parque Avellaneda;9;3;Usado;8967
;Parque Avellaneda;9;3;Usado;9835
;Parque Avellaneda;9;3;Usado;9388
;Parque Chacabuco;7;3;Usado;8396
;Parque Chacabuco;7;3;Usado;9823
;Parque Chacabuco;7;3;Usado;8836
;Parque Chacabuco;7;3;Usado;11205
;Parque Chacabuco;7;3;Usado;8433
;Parque Chacabuco;7;3;Usado;11295
;Parque Chacabuco;7;3;Usado;13870
;Parque Chacabuco;7;3;Usado;8560
;Parque Chacabuco;7;3;Usado;8549
;Parque Chacabuco;7;3;Usado;10832
;Parque Chacabuco;7;3;Usado;7741
;Parque Chacabuco;7;3;Usado;10333
;Parque Chacabuco;7;3;Usado;10240
;Parque Chacabuco;7;3;Usado;9942
;Parque Chacabuco;7;3;Usado;10186
;Parque Chacabuco;7;3;Usado;10574
;Parque Chacabuco;7;3;Usado;10919
;Parque Chacabuco;7;3;Usado;11064
;Parque Chacabuco;7;3;Usado;12101
;Parque Chacabuco;7;3;Usado;381
;Parque Chacabuco;7;3;Usado;260
;Parque Chacabuco;7;3;Usado;109
;Parque Chacabuco;7;3;Usado;271
;Parque Chacabuco;7;3;Usado;265
;Parque Chas;15;3;Usado;132
;Parque Chas;15;3;Usado;243
;Parque Chas;15;3;Usado;164
;Parque Chas;15;3;Usado;60
;Parque Patricios;4;3;Usado;448
;Parque Patricios;4;3;Usado;192
;Parque Patricios;4;3;Usado;337
;Parque Patricios;4;3;Usado;471
;Parque Patricios;4;3;Usado;282
;Parque Patricios;4;3;Usado;340
;Parque Patricios;4;3;Usado;160
;Parque Patricios;4;3;Usado;385
;Parque Patricios;4;3;Usado;205
;Parque Patricios;4;3;Usado;220
;Parque Patricios;4;3;Usado;255
;Parque Patricios;4;3;Usado;101
;Parque Patricios;4;3;Usado;143
;Parque Patricios;4;3;Usado;163
;Parque Patricios;4;3;Usado;71
;Parque Patricios;4;3;Usado;263
;Parque Patricios;4;3;Usado;505
;Parque Patricios;4;3;Usado;32
;Parque Patricios;4;3;Usado;110
;Parque Patricios;4;3;Usado;157
;Parque Patricios;4;3;Usado;87
;Parque Patricios;4;3;Usado;35
;Puerto Madero;1;3;Usado;87
;Puerto Madero;1;3;Usado;65
;Puerto Madero;1;3;Usado;149
;Puerto Madero;1;3;Usado;221
;Puerto Madero;1;3;Usado;60
;Puerto Madero;1;3;Usado;280
;Puerto Madero;1;3;Usado;186
;Puerto Madero;1;3;Usado;34
;Puerto Madero;1;3;Usado;210
;Puerto Madero;1;3;Usado;147
;Puerto Madero;1;3;Usado;73
;Puerto Madero;1;3;Usado;223
;Puerto Madero;1;3;Usado;40
;Puerto Madero;1;3;Usado;255
;Puerto Madero;1;3;Usado;42
;Puerto Madero;1;3;Usado;143
;Puerto Madero;1;3;Usado;78
;Puerto Madero;1;3;Usado;140
;Recoleta;2;3;Usado;40
;Recoleta;2;3;Usado;290
;Recoleta;2;3;Usado;82
;Recoleta;2;3;Usado;255
;Recoleta;2;3;Usado;86
;Recoleta;2;3;Usado;190
;Recoleta;2;3;Usado;185
;Recoleta;2;3;Usado;90
;Recoleta;2;3;Usado;67
;Recoleta;2;3;Usado;139
;Recoleta;2;3;Usado;118
;Recoleta;2;3;Usado;40
;Recoleta;2;3;Usado;66
;Recoleta;2;3;Usado;254
;Recoleta;2;3;Usado;207
;Recoleta;2;3;Usado;213
;Recoleta;2;3;Usado;471
;Recoleta;2;3;Usado;178
;Recoleta;2;3;Usado;219
;Recoleta;2;3;Usado;149
;Recoleta;2;3;Usado;230
;Recoleta;2;3;Usado;997
;Recoleta;2;3;Usado;1177
;Recoleta;2;3;Usado;1183
;Recoleta;2;3;Usado;1000
;Recoleta;2;3;Usado;1435
;Recoleta;2;3;Usado;1594
;Recoleta;2;3;Usado;1213
;Recoleta;2;3;Usado;1430
;Recoleta;2;3;Usado;1126
;Recoleta;2;3;Usado;632
;Recoleta;2;3;Usado;1242
;Recoleta;2;3;Usado;1421
;Recoleta;2;3;Usado;1556
;Recoleta;2;3;Usado;1328
;Recoleta;2;3;Usado;1577
;Recoleta;2;3;Usado;1336
;Recoleta;2;3;Usado;1134
;Retiro;1;3;Usado;846
;Retiro;1;3;Usado;1262
;Retiro;1;3;Usado;1047
;Retiro;1;3;Usado;1283
;Retiro;1;3;Usado;1037
;Retiro;1;3;Usado;514
;Retiro;1;3;Usado;932
;Retiro;1;3;Usado;787
;Retiro;1;3;Usado;718
;Retiro;1;3;Usado;465
;Retiro;1;3;Usado;432
;Retiro;1;3;Usado;451
;Retiro;1;3;Usado;488
;Retiro;1;3;Usado;1068
;Retiro;1;3;Usado;449
;Retiro;1;3;Usado;593
;Retiro;1;3;Usado;743
;Retiro;1;3;Usado;965
;Retiro;1;3;Usado;588
;Retiro;1;3;Usado;710
;Retiro;1;3;Usado;623
;Retiro;1;3;Usado;916
;Saavedra;12;3;Usado;743
;Saavedra;12;3;Usado;704
;Saavedra;12;3;Usado;897
;Saavedra;12;3;Usado;728
;Saavedra;12;3;Usado;749
;Saavedra;12;3;Usado;261
;Saavedra;12;3;Usado;706
;Saavedra;12;3;Usado;826
;Saavedra;12;3;Usado;595
;Saavedra;12;3;Usado;532
;Saavedra;12;3;Usado;590
;Saavedra;12;3;Usado;444
;Saavedra;12;3;Usado;713
;Saavedra;12;3;Usado;901
;Saavedra;12;3;Usado;923
;Saavedra;12;3;Usado;643
;Saavedra;12;3;Usado;1027
;Saavedra;12;3;Usado;594
;Saavedra;12;3;Usado;638
;Saavedra;12;3;Usado;802
;Saavedra;12;3;Usado;1516
;Saavedra;12;3;Usado;877
;Saavedra;12;3;Usado;861
;Saavedra;12;3;Usado;958
;Saavedra;12;3;Usado;922
;Saavedra;12;3;Usado;1162
;Saavedra;12;3;Usado;741
;Saavedra;12;3;Usado;1143
;Saavedra;12;3;Usado;850
;San Crist½bal;3;3;Usado;1023
;San Crist½bal;3;3;Usado;874
;San Crist½bal;3;3;Usado;844
;San Crist½bal;3;3;Usado;1142
;San Crist½bal;3;3;Usado;900
;San Crist½bal;3;3;Usado;1101
;San Crist½bal;3;3;Usado;419
;San Crist½bal;3;3;Usado;715
;San Crist½bal;3;3;Usado;287
;San Crist½bal;3;3;Usado;715
;San Crist½bal;3;3;Usado;527
;San Crist½bal;3;3;Usado;664
;San Crist½bal;3;3;Usado;324
;San Crist½bal;3;3;Usado;694
;San Crist½bal;3;3;Usado;440
;San Crist½bal;3;3;Usado;98
;San Crist½bal;3;3;Usado;400
;San Crist½bal;3;3;Usado;405
;San Crist½bal;3;3;Usado;581
;San Crist½bal;3;3;Usado;1246
;San Crist½bal;3;3;Usado;714
;San Crist½bal;3;3;Usado;586
;San Crist½bal;3;3;Usado;580
;San Crist½bal;3;3;Usado;517
;San Crist½bal;3;3;Usado;351
;San Nicolÿs;1;3;Usado;994
;San Nicolÿs;1;3;Usado;626
;San Nicolÿs;1;3;Usado;578
;San Nicolÿs;1;3;Usado;589
;San Nicolÿs;1;3;Usado;759
;San Nicolÿs;1;3;Usado;597
;San Nicolÿs;1;3;Usado;356
;San Nicolÿs;1;3;Usado;416
;San Nicolÿs;1;3;Usado;379
;San Nicolÿs;1;3;Usado;97
;San Nicolÿs;1;3;Usado;242
;San Nicolÿs;1;3;Usado;373
;San Nicolÿs;1;3;Usado;219
;San Nicolÿs;1;3;Usado;93
;San Nicolÿs;1;3;Usado;243
;San Nicolÿs;1;3;Usado;327
;San Nicolÿs;1;3;Usado;185
;San Nicolÿs;1;3;Usado;248
;San Nicolÿs;1;3;Usado;353
;San Nicolÿs;1;3;Usado;278
;San Nicolÿs;1;3;Usado;396
;San Nicolÿs;1;3;Usado;138
;San Nicolÿs;1;3;Usado;302
;San Nicolÿs;1;3;Usado;583
;San Telmo;1;3;Usado;178
;San Telmo;1;3;Usado;404
;San Telmo;1;3;Usado;333
;San Telmo;1;3;Usado;267
;San Telmo;1;3;Usado;287
;San Telmo;1;3;Usado;535
;San Telmo;1;3;Usado;122
;San Telmo;1;3;Usado;186
;San Telmo;1;3;Usado;133
;San Telmo;1;3;Usado;315
;San Telmo;1;3;Usado;295
;San Telmo;1;3;Usado;317
;San Telmo;1;3;Usado;228
;San Telmo;1;3;Usado;297
;San Telmo;1;3;Usado;43
;San Telmo;1;3;Usado;196
;San Telmo;1;3;Usado;42
;San Telmo;1;3;Usado;97
;San Telmo;1;3;Usado;426
;San Telmo;1;3;Usado;311
;San Telmo;1;3;Usado;250
;San Telmo;1;3;Usado;280
;San Telmo;1;3;Usado;229
;San Telmo;1;3;Usado;281
;San Telmo;1;3;Usado;109
;V?lez Sarsfield;10;3;Usado;231
;V?lez Sarsfield;10;3;Usado;185
;V?lez Sarsfield;10;3;Usado;218
;V?lez Sarsfield;10;3;Usado;264
;V?lez Sarsfield;10;3;Usado;179
;V?lez Sarsfield;10;3;Usado;692
;V?lez Sarsfield;10;3;Usado;822
;V?lez Sarsfield;10;3;Usado;836
;V?lez Sarsfield;10;3;Usado;865
;V?lez Sarsfield;10;3;Usado;424
;V?lez Sarsfield;10;3;Usado;228
;V?lez Sarsfield;10;3;Usado;203
;V?lez Sarsfield;10;3;Usado;294
;V?lez Sarsfield;10;3;Usado;431
;V?lez Sarsfield;10;3;Usado;42
;V?lez Sarsfield;10;3;Usado;585
;V?lez Sarsfield;10;3;Usado;207
;V?lez Sarsfield;10;3;Usado;99
;V?lez Sarsfield;10;3;Usado;73
;V?lez Sarsfield;10;3;Usado;50
;V?lez Sarsfield;10;3;Usado;249
;V?lez Sarsfield;10;3;Usado;162
;V?lez Sarsfield;10;3;Usado;165
;V?lez Sarsfield;10;3;Usado;277
;Versalles;10;3;Usado;66
;Versalles;10;3;Usado;264
;Versalles;10;3;Usado;40
;Versalles;10;3;Usado;244
;Versalles;10;3;Usado;129
;Versalles;10;3;Usado;307
;Villa Crespo;15;3;Usado;353
;Villa Crespo;15;3;Usado;45
;Villa Crespo;15;3;Usado;437
;Villa Crespo;15;3;Usado;92
;Villa Crespo;15;3;Usado;200
;Villa Crespo;15;3;Usado;208
;Villa Crespo;15;3;Usado;302
;Villa Crespo;15;3;Usado;262
;Villa Crespo;15;3;Usado;145
;Villa Crespo;15;3;Usado;82
;Villa Crespo;15;3;Usado;208
;Villa Crespo;15;3;Usado;95
;Villa Crespo;15;3;Usado;256
;Villa Crespo;15;3;Usado;150
;Villa Crespo;15;3;Usado;96
;Villa Crespo;15;3;Usado;108
;Villa Crespo;15;3;Usado;132
;Villa Crespo;15;3;Usado;148
;Villa Crespo;15;3;Usado;241
;Villa Crespo;15;3;Usado;177
;Villa Crespo;15;3;Usado;136
;Villa Crespo;15;3;Usado;132
;Villa Crespo;15;3;Usado;159
;Villa Crespo;15;3;Usado;166
;Villa Crespo;15;3;Usado;258
;Villa Crespo;15;3;Usado;160
;Villa Crespo;15;3;Usado;316
;Villa Crespo;15;3;Usado;358
;Villa Crespo;15;3;Usado;214
;Villa Crespo;15;3;Usado;114
;Villa Crespo;15;3;Usado;225
;Villa Crespo;15;3;Usado;364
;Villa Crespo;15;3;Usado;200
;Villa Crespo;15;3;Usado;54
;Villa Crespo;15;3;Usado;318
;Villa Crespo;15;3;Usado;258
;Villa Crespo;15;3;Usado;157
;Villa Crespo;15;3;Usado;238
;Villa Del Parque;11;3;Usado;290
;Villa Del Parque;11;3;Usado;38
;Villa Del Parque;11;3;Usado;237
;Villa Del Parque;11;3;Usado;149
;Villa Del Parque;11;3;Usado;229
;Villa Del Parque;11;3;Usado;217
;Villa Del Parque;11;3;Usado;334
;Villa Del Parque;11;3;Usado;375
;Villa Del Parque;11;3;Usado;489
;Villa Del Parque;11;3;Usado;334
;Villa Del Parque;11;3;Usado;3633
;Villa Del Parque;11;3;Usado;1272
;Villa Del Parque;11;3;Usado;1897
;Villa Del Parque;11;3;Usado;3415
;Villa Del Parque;11;3;Usado;2994
;Villa Del Parque;11;3;Usado;1624
;Villa Del Parque;11;3;Usado;605
;Villa Del Parque;11;3;Usado;1502
;Villa Del Parque;11;3;Usado;1947
;Villa Del Parque;11;3;Usado;806
;Villa Del Parque;11;3;Usado;1966
;Villa Del Parque;11;3;Usado;3777
;Villa Del Parque;11;3;Usado;2191
;Villa Del Parque;11;3;Usado;996
;Villa Del Parque;11;3;Usado;1173
;Villa Del Parque;11;3;Usado;2480
;Villa Del Parque;11;3;Usado;1105
;Villa Del Parque;11;3;Usado;1378
;Villa Del Parque;11;3;Usado;1399
;Villa Del Parque;11;3;Usado;732
;Villa Del Parque;11;3;Usado;992
;Villa Devoto;11;3;Usado;1835
;Villa Devoto;11;3;Usado;3422
;Villa Devoto;11;3;Usado;4243
;Villa Devoto;11;3;Usado;4755
;Villa Devoto;11;3;Usado;3024
;Villa Devoto;11;3;Usado;1905
;Villa Devoto;11;3;Usado;607
;Villa Devoto;11;3;Usado;1050
;Villa Devoto;11;3;Usado;1259
;Villa Devoto;11;3;Usado;1318
;Villa Devoto;11;3;Usado;1242
;Villa Devoto;11;3;Usado;2760
;Villa Devoto;11;3;Usado;2174
;Villa Devoto;11;3;Usado;1947
;Villa Devoto;11;3;Usado;2260
;Villa Devoto;11;3;Usado;1734
;Villa Devoto;11;3;Usado;1948
;Villa Devoto;11;3;Usado;1994
;Villa Devoto;11;3;Usado;1999
;Villa Devoto;11;3;Usado;2220
;Villa Devoto;11;3;Usado;2306
;Villa Devoto;11;3;Usado;990
;Villa Devoto;11;3;Usado;2025
;Villa Devoto;11;3;Usado;2075
;Villa Devoto;11;3;Usado;2224
;Villa Devoto;11;3;Usado;2759
;Villa Devoto;11;3;Usado;1594
;Villa Devoto;11;3;Usado;1424
;Villa Devoto;11;3;Usado;1112
;Villa Devoto;11;3;Usado;1322
;Villa Devoto;11;3;Usado;1056
;Villa Devoto;11;3;Usado;1622
;Villa General Mitre;11;3;Usado;1141
;Villa General Mitre;11;3;Usado;1301
;Villa General Mitre;11;3;Usado;690
;Villa General Mitre;11;3;Usado;968
;Villa General Mitre;11;3;Usado;1350
;Villa General Mitre;11;3;Usado;988
;Villa General Mitre;11;3;Usado;593
;Villa General Mitre;11;3;Usado;852
;Villa General Mitre;11;3;Usado;868
;Villa General Mitre;11;3;Usado;836
;Villa General Mitre;11;3;Usado;811
;Villa General Mitre;11;3;Usado;270
;Villa General Mitre;11;3;Usado;340
;Villa General Mitre;11;3;Usado;548
;Villa General Mitre;11;3;Usado;506
;Villa General Mitre;11;3;Usado;829
;Villa General Mitre;11;3;Usado;379
;Villa General Mitre;11;3;Usado;643
;Villa General Mitre;11;3;Usado;419
;Villa General Mitre;11;3;Usado;618
;Villa General Mitre;11;3;Usado;826
;Villa General Mitre;11;3;Usado;15832
;Villa General Mitre;11;3;Usado;9839
;Villa General Mitre;11;3;Usado;9314
;Villa General Mitre;11;3;Usado;12544
;Villa General Mitre;11;3;Usado;11898
;Villa Lugano;8;3;Usado;9140
;Villa Lugano;8;3;Usado;5120
;Villa Lugano;8;3;Usado;9913
;Villa Lugano;8;3;Usado;10618
;Villa Lugano;8;3;Usado;5054
;Villa Lugano;8;3;Usado;10337
;Villa Lugano;8;3;Usado;8968
;Villa Lugano;8;3;Usado;9395
;Villa Lugano;8;3;Usado;7283
;Villa Lugano;8;3;Usado;9109
;Villa Lugano;8;3;Usado;9836
;Villa Lugano;8;3;Usado;7599
;Villa Lugano;8;3;Usado;5011
;Villa Lugano;8;3;Usado;5360
;Villa Lugano;8;3;Usado;6060
;Villa Lugano;8;3;Usado;6362
;Villa Lugano;8;3;Usado;6932
;Villa Lugano;8;3;Usado;8190
;Villa Lugano;8;3;Usado;12474
;Villa Lugano;8;3;Usado;10471
;Villa Lugano;8;3;Usado;9734
;Villa Lugano;8;3;Usado;5099
;Villa Lugano;8;3;Usado;4960
;Villa Lugano;8;3;Usado;4801
;Villa Lugano;8;3;Usado;4578
;Villa Lugano;8;3;Usado;6209
;Villa Lugano;8;3;Usado;4743
;Villa Lugano;8;3;Usado;6389
;Villa Luro;10;3;Usado;5864
;Villa Luro;10;3;Usado;6087
;Villa Luro;10;3;Usado;5230
;Villa Luro;10;3;Usado;5986
;Villa Luro;10;3;Usado;5922
;Villa Luro;10;3;Usado;7361
;Villa Luro;10;3;Usado;7122
;Villa Luro;10;3;Usado;8209
;Villa Luro;10;3;Usado;8602
;Villa Luro;10;3;Usado;5919
;Villa Luro;10;3;Usado;6397
;Villa Luro;10;3;Usado;6420
;Villa Luro;10;3;Usado;7341
;Villa Luro;10;3;Usado;6600
;Villa Luro;10;3;Usado;6982
;Villa Luro;10;3;Usado;7408
;Villa Luro;10;3;Usado;7551
;Villa Luro;10;3;Usado;6102
;Villa Luro;10;3;Usado;4869
;Villa Luro;10;3;Usado;5182
;Villa Luro;10;3;Usado;5263
;Villa Luro;10;3;Usado;6599
;Villa Luro;10;3;Usado;4199
;Villa Luro;10;3;Usado;5912
;Villa Luro;10;3;Usado;6418
;Villa Ortœzar;15;3;Usado;6111
;Villa Ortœzar;15;3;Usado;6762
;Villa Ortœzar;15;3;Usado;6004
;Villa Ortœzar;15;3;Usado;6081
;Villa Ortœzar;15;3;Usado;6113
;Villa Ortœzar;15;3;Usado;6921
;Villa Ortœzar;15;3;Usado;6391
;Villa Ortœzar;15;3;Usado;6196
;Villa Ortœzar;15;3;Usado;5733
;Villa Ortœzar;15;3;Usado;5204
;Villa Ortœzar;15;3;Usado;5799
;Villa Ortœzar;15;3;Usado;6286
;Villa Ortœzar;15;3;Usado;6858
;Villa Ortœzar;15;3;Usado;4935
;Villa Ortœzar;15;3;Usado;6013
;Villa Ortœzar;15;3;Usado;7989
;Villa Ortœzar;15;3;Usado;3785
;Villa Pueyrred½n;12;3;Usado;2545
;Villa Pueyrred½n;12;3;Usado;3512
;Villa Pueyrred½n;12;3;Usado;3365
;Villa Pueyrred½n;12;3;Usado;2988
;Villa Pueyrred½n;12;3;Usado;1913
;Villa Pueyrred½n;12;3;Usado;1545
;Villa Pueyrred½n;12;3;Usado;2230
;Villa Pueyrred½n;12;3;Usado;1518
;Villa Pueyrred½n;12;3;Usado;963
;Villa Pueyrred½n;12;3;Usado;2207
;Villa Pueyrred½n;12;3;Usado;1485
;Villa Pueyrred½n;12;3;Usado;2125
;Villa Pueyrred½n;12;3;Usado;1878
;Villa Pueyrred½n;12;3;Usado;1443
;Villa Pueyrred½n;12;3;Usado;1798
;Villa Pueyrred½n;12;3;Usado;1722
;Villa Pueyrred½n;12;3;Usado;1019
;Villa Pueyrred½n;12;3;Usado;1002
;Villa Pueyrred½n;12;3;Usado;1346
;Villa Pueyrred½n;12;3;Usado;1800
;Villa Pueyrred½n;12;3;Usado;2006
;Villa Pueyrred½n;12;3;Usado;2140
;Villa Pueyrred½n;12;3;Usado;4053
;Villa Riachuelo;8;3;Usado;3554
;Villa Riachuelo;8;3;Usado;3168
;Villa Riachuelo;8;3;Usado;1951
;Villa Riachuelo;8;3;Usado;1478
;Villa Santa Rita;11;3;Usado;1713
;Villa Santa Rita;11;3;Usado;2036
;Villa Santa Rita;11;3;Usado;962
;Villa Santa Rita;11;3;Usado;1326
;Villa Santa Rita;11;3;Usado;1814
;Villa Santa Rita;11;3;Usado;2862
;Villa Santa Rita;11;3;Usado;2641
;Villa Santa Rita;11;3;Usado;910
;Villa Santa Rita;11;3;Usado;1336
;Villa Santa Rita;11;3;Usado;1626
;Villa Santa Rita;11;3;Usado;2574
;Villa Santa Rita;11;3;Usado;2026
;Villa Santa Rita;11;3;Usado;2973
;Villa Santa Rita;11;3;Usado;3161
;Villa Santa Rita;11;3;Usado;1354
;Villa Santa Rita;11;3;Usado;1767
;Villa Santa Rita;11;3;Usado;1569
;Villa Santa Rita;11;3;Usado;2103
;Villa Santa Rita;11;3;Usado;2976
;Villa Santa Rita;11;3;Usado;1833
;Villa Santa Rita;11;3;Usado;1549
;Villa Santa Rita;11;3;Usado;2593
;Villa Soldati;8;3;Usado;2017
;Villa Soldati;8;3;Usado;1673
;Villa Urquiza;12;3;Usado;1547
;Villa Urquiza;12;3;Usado;918
;Villa Urquiza;12;3;Usado;2116
;Villa Urquiza;12;3;Usado;654
;Villa Urquiza;12;3;Usado;1132
;Villa Urquiza;12;3;Usado;1392
;Villa Urquiza;12;3;Usado;1949
;Villa Urquiza;12;3;Usado;1332
;Villa Urquiza;12;3;Usado;1276
;Villa Urquiza;12;3;Usado;1937
;Villa Urquiza;12;3;Usado;2003
;Villa Urquiza;12;3;Usado;1708
;Villa Urquiza;12;3;Usado;1362
;Villa Urquiza;12;3;Usado;1298
;Villa Urquiza;12;3;Usado;1572
;Villa Urquiza;12;3;Usado;1437
;Villa Urquiza;12;3;Usado;2283
;Villa Urquiza;12;3;Usado;1950
;Villa Urquiza;12;3;Usado;1667
;Villa Urquiza;12;3;Usado;2558
;Villa Urquiza;12;3;Usado;3161
;Villa Urquiza;12;3;Usado;3400
;Villa Urquiza;12;3;Usado;1018
;Villa Urquiza;12;3;Usado;1649
;Villa Urquiza;12;3;Usado;1655
;Villa Urquiza;12;3;Usado;1734
;Villa Urquiza;12;3;Usado;1423
;Villa Urquiza;12;3;Usado;1868
;Villa Urquiza;12;3;Usado;1375
;Villa Urquiza;12;3;Usado;1618
;Villa Urquiza;12;3;Usado;1785
;Villa Urquiza;12;3;Usado;889
;Villa Urquiza;12;3;Usado;2177
;Villa Urquiza;12;3;Usado;1665
;Villa Urquiza;12;3;Usado;1593
;Villa Urquiza;12;3;Usado;1662
;Villa Urquiza;12;3;Usado;2343
;Villa Urquiza;12;3;Usado;2384
;Almagro;5;3;A estrenar;1791
;Almagro;5;3;A estrenar;1619
;Almagro;5;3;A estrenar;1364
;Almagro;5;3;A estrenar;1276
;Almagro;5;3;A estrenar;1302
;Almagro;5;3;A estrenar;1025
;Almagro;5;3;A estrenar;887
;Almagro;5;3;A estrenar;1037
;Almagro;5;3;A estrenar;1285
;Almagro;5;3;A estrenar;1220
;Almagro;5;3;A estrenar;384
;Almagro;5;3;A estrenar;983
;Almagro;5;3;A estrenar;522
;Almagro;5;3;A estrenar;712
;Almagro;5;3;A estrenar;564
;Almagro;5;3;A estrenar;642
;Almagro;5;3;A estrenar;1030
;Almagro;5;3;A estrenar;1022
;Almagro;5;3;A estrenar;1136
;Balvanera;3;3;A estrenar;1178
;Balvanera;3;3;A estrenar;1134
;Balvanera;3;3;A estrenar;809
;Balvanera;3;3;A estrenar;978
;Balvanera;3;3;A estrenar;666
;Balvanera;3;3;A estrenar;861
;Balvanera;3;3;A estrenar;678
;Balvanera;3;3;A estrenar;1127
;Balvanera;3;3;A estrenar;793
;Balvanera;3;3;A estrenar;616
;Balvanera;3;3;A estrenar;488
;Balvanera;3;3;A estrenar;959
;Balvanera;3;3;A estrenar;1066
;Balvanera;3;3;A estrenar;559
;Balvanera;3;3;A estrenar;702
;Barracas;4;3;A estrenar;440
;Barracas;4;3;A estrenar;884
;Barracas;4;3;A estrenar;496
;Barracas;4;3;A estrenar;756
;Barracas;4;3;A estrenar;655
;Barracas;4;3;A estrenar;567
;Barracas;4;3;A estrenar;742
;Belgrano;13;3;A estrenar;718
;Belgrano;13;3;A estrenar;1059
;Belgrano;13;3;A estrenar;1422
;Belgrano;13;3;A estrenar;736
;Belgrano;13;3;A estrenar;754
;Belgrano;13;3;A estrenar;820
;Belgrano;13;3;A estrenar;1383
;Belgrano;13;3;A estrenar;905
;Belgrano;13;3;A estrenar;474
;Belgrano;13;3;A estrenar;796
;Belgrano;13;3;A estrenar;573
;Belgrano;13;3;A estrenar;840
;Belgrano;13;3;A estrenar;684
;Belgrano;13;3;A estrenar;518
;Belgrano;13;3;A estrenar;598
;Belgrano;13;3;A estrenar;979
;Belgrano;13;3;A estrenar;516
;Belgrano;13;3;A estrenar;1268
;Belgrano;13;3;A estrenar;1518
;Belgrano;13;3;A estrenar;1140
;Belgrano;13;3;A estrenar;1795
;Belgrano;13;3;A estrenar;1033
;Belgrano;13;3;A estrenar;1772
;Boedo;5;3;A estrenar;979
;Caballito;6;3;A estrenar;1794
;Caballito;6;3;A estrenar;1947
;Caballito;6;3;A estrenar;799
;Caballito;6;3;A estrenar;1205
;Caballito;6;3;A estrenar;1945
;Caballito;6;3;A estrenar;1548
;Caballito;6;3;A estrenar;1526
;Caballito;6;3;A estrenar;1289
;Caballito;6;3;A estrenar;1177
;Caballito;6;3;A estrenar;969
;Caballito;6;3;A estrenar;916
;Caballito;6;3;A estrenar;621
;Caballito;6;3;A estrenar;828
;Caballito;6;3;A estrenar;526
;Caballito;6;3;A estrenar;1139
;Caballito;6;3;A estrenar;573
;Caballito;6;3;A estrenar;731
;Caballito;6;3;A estrenar;920
;Caballito;6;3;A estrenar;993
;Caballito;6;3;A estrenar;480
;Caballito;6;3;A estrenar;337
;Caballito;6;3;A estrenar;330
;Caballito;6;3;A estrenar;523
;Caballito;6;3;A estrenar;287
;Caballito;6;3;A estrenar;471
;Caballito;6;3;A estrenar;539
;Caballito;6;3;A estrenar;548
;Coghlan;12;3;A estrenar;506
;Colegiales;13;3;A estrenar;60
;Colegiales;13;3;A estrenar;435
;Colegiales;13;3;A estrenar;209
;Colegiales;13;3;A estrenar;240
;Colegiales;13;3;A estrenar;680
;Colegiales;13;3;A estrenar;957
;Colegiales;13;3;A estrenar;384
;Colegiales;13;3;A estrenar;469
;Flores;7;3;A estrenar;371
;Flores;7;3;A estrenar;447
;Flores;7;3;A estrenar;461
;Flores;7;3;A estrenar;635
;Flores;7;3;A estrenar;424
;Flores;7;3;A estrenar;369
;Flores;7;3;A estrenar;275
;Flores;7;3;A estrenar;348
;Flores;7;3;A estrenar;679
;Flores;7;3;A estrenar;564
;Flores;7;3;A estrenar;733
;Flores;7;3;A estrenar;434
;Flores;7;3;A estrenar;462
;Flores;7;3;A estrenar;532
;Flores;7;3;A estrenar;592
;Flores;7;3;A estrenar;390
;Flores;7;3;A estrenar;608
;Flores;7;3;A estrenar;770
;Flores;7;3;A estrenar;758
;Flores;7;3;A estrenar;617
;Flores;7;3;A estrenar;965
;Flores;7;3;A estrenar;822
;Flores;7;3;A estrenar;589
;Flores;7;3;A estrenar;620
;Flores;7;3;A estrenar;653
;Flores;7;3;A estrenar;876
;Floresta;10;3;A estrenar;1070
;Floresta;10;3;A estrenar;869
;Liniers;9;3;A estrenar;503
;Liniers;9;3;A estrenar;891
;Liniers;9;3;A estrenar;629
;Liniers;9;3;A estrenar;3120
;Liniers;9;3;A estrenar;1727
;Liniers;9;3;A estrenar;2011
;Liniers;9;3;A estrenar;2379
;Liniers;9;3;A estrenar;1702
;Liniers;9;3;A estrenar;2110
;Liniers;9;3;A estrenar;1665
;Liniers;9;3;A estrenar;2141
;Liniers;9;3;A estrenar;1723
;Liniers;9;3;A estrenar;689
;Liniers;9;3;A estrenar;1689
;Liniers;9;3;A estrenar;2149
;Liniers;9;3;A estrenar;2061
;Liniers;9;3;A estrenar;1829
;Liniers;9;3;A estrenar;1893
;Liniers;9;3;A estrenar;1539
;Liniers;9;3;A estrenar;1908
;Liniers;9;3;A estrenar;1313
;Mataderos;9;3;A estrenar;1049
;Mataderos;9;3;A estrenar;673
;Mataderos;9;3;A estrenar;1190
;Mataderos;9;3;A estrenar;1101
;Mataderos;9;3;A estrenar;1779
;Mataderos;9;3;A estrenar;2689
;Mataderos;9;3;A estrenar;1934
;Mataderos;9;3;A estrenar;2575
;Mataderos;9;3;A estrenar;1043
;Mataderos;9;3;A estrenar;742
;Mataderos;9;3;A estrenar;1216
;Monte Castro;10;3;A estrenar;948
;Monte Castro;10;3;A estrenar;1238
;Monte Castro;10;3;A estrenar;546
;Monte Castro;10;3;A estrenar;1538
;NœÏez;13;3;A estrenar;1246
;NœÏez;13;3;A estrenar;971
;NœÏez;13;3;A estrenar;1385
;NœÏez;13;3;A estrenar;1150
;NœÏez;13;3;A estrenar;1394
;NœÏez;13;3;A estrenar;783
;NœÏez;13;3;A estrenar;1709
;NœÏez;13;3;A estrenar;1427
;NœÏez;13;3;A estrenar;1611
;Palermo;14;3;A estrenar;828
;Palermo;14;3;A estrenar;1225
;Palermo;14;3;A estrenar;1915
;Palermo;14;3;A estrenar;1804
;Palermo;14;3;A estrenar;1973
;Palermo;14;3;A estrenar;1981
;Palermo;14;3;A estrenar;1096
;Palermo;14;3;A estrenar;1024
;Palermo;14;3;A estrenar;1115
;Palermo;14;3;A estrenar;1141
;Palermo;14;3;A estrenar;919
;Palermo;14;3;A estrenar;848
;Palermo;14;3;A estrenar;1421
;Palermo;14;3;A estrenar;736
;Palermo;14;3;A estrenar;1462
;Palermo;14;3;A estrenar;873
;Palermo;14;3;A estrenar;815
;Palermo;14;3;A estrenar;1122
;Palermo;14;3;A estrenar;1507
;Palermo;14;3;A estrenar;1541
;Palermo;14;3;A estrenar;789
;Palermo;14;3;A estrenar;1794
;Palermo;14;3;A estrenar;1478
;Palermo;14;3;A estrenar;1302
;Palermo;14;3;A estrenar;1140
;Parque Chacabuco;7;3;A estrenar;1114
;Parque Patricios;4;3;A estrenar;1993
;Puerto Madero;1;3;A estrenar;1432
;Puerto Madero;1;3;A estrenar;1791
;Recoleta;2;3;A estrenar;1389
;Recoleta;2;3;A estrenar;1352
;Recoleta;2;3;A estrenar;1660
;Recoleta;2;3;A estrenar;1109
;Recoleta;2;3;A estrenar;1350
;Recoleta;2;3;A estrenar;990
;Recoleta;2;3;A estrenar;1561
;Recoleta;2;3;A estrenar;1003
;Recoleta;2;3;A estrenar;675
;Recoleta;2;3;A estrenar;680
;Recoleta;2;3;A estrenar;665
;Recoleta;2;3;A estrenar;899
;Recoleta;2;3;A estrenar;696
;Recoleta;2;3;A estrenar;906
;Recoleta;2;3;A estrenar;657
;Recoleta;2;3;A estrenar;771
;Recoleta;2;3;A estrenar;653
;Recoleta;2;3;A estrenar;669
;Saavedra;12;3;A estrenar;1073
;Saavedra;12;3;A estrenar;700
;Saavedra;12;3;A estrenar;189
;Saavedra;12;3;A estrenar;251
;Saavedra;12;3;A estrenar;265
;Saavedra;12;3;A estrenar;302
;Saavedra;12;3;A estrenar;207
;Saavedra;12;3;A estrenar;1022
;Saavedra;12;3;A estrenar;816
;Saavedra;12;3;A estrenar;946
;Saavedra;12;3;A estrenar;795
;Saavedra;12;3;A estrenar;607
;Saavedra;12;3;A estrenar;383
;Saavedra;12;3;A estrenar;776
;Saavedra;12;3;A estrenar;268
;Saavedra;12;3;A estrenar;582
;Saavedra;12;3;A estrenar;578
;San Crist½bal;3;3;A estrenar;642
;San Nicolÿs;1;3;A estrenar;616
;San Nicolÿs;1;3;A estrenar;787
;Villa Crespo;15;3;A estrenar;921
;Villa Crespo;15;3;A estrenar;370
;Villa Crespo;15;3;A estrenar;756
;Villa Crespo;15;3;A estrenar;836
;Villa Crespo;15;3;A estrenar;575
;Villa Crespo;15;3;A estrenar;495
;Villa Crespo;15;3;A estrenar;774
;Villa Crespo;15;3;A estrenar;614
;Villa Crespo;15;3;A estrenar;436
;Villa Crespo;15;3;A estrenar;1155
;Villa Crespo;15;3;A estrenar;372
;Villa Crespo;15;3;A estrenar;462
;Villa Crespo;15;3;A estrenar;357
;Villa Crespo;15;3;A estrenar;359
;Villa Crespo;15;3;A estrenar;460
;Villa Crespo;15;3;A estrenar;462
;Villa Crespo;15;3;A estrenar;516
;Villa Crespo;15;3;A estrenar;457
;Villa Crespo;15;3;A estrenar;261
;Villa Crespo;15;3;A estrenar;260
;Villa Crespo;15;3;A estrenar;454
;Villa Crespo;15;3;A estrenar;321
;Villa Del Parque;11;3;A estrenar;183
;Villa Del Parque;11;3;A estrenar;553
;Villa Del Parque;11;3;A estrenar;262
;Villa Del Parque;11;3;A estrenar;753
;Villa Del Parque;11;3;A estrenar;588
;Villa Del Parque;11;3;A estrenar;546
;Villa Del Parque;11;3;A estrenar;957
;Villa Del Parque;11;3;A estrenar;772
;Villa Del Parque;11;3;A estrenar;362
;Villa Del Parque;11;3;A estrenar;612
;Villa Del Parque;11;3;A estrenar;468
;Villa Devoto;11;3;A estrenar;574
;Villa Devoto;11;3;A estrenar;473
;Villa Devoto;11;3;A estrenar;673
;Villa Devoto;11;3;A estrenar;550
;Villa Devoto;11;3;A estrenar;663
;Villa Devoto;11;3;A estrenar;410
;Villa General Mitre;11;3;A estrenar;410
;Villa General Mitre;11;3;A estrenar;247
;Villa Lugano;8;3;A estrenar;718
;Villa Lugano;8;3;A estrenar;659
;Villa Lugano;8;3;A estrenar;329
;Villa Lugano;8;3;A estrenar;904
;Villa Luro;10;3;A estrenar;693
;Villa Luro;10;3;A estrenar;620
;Villa Pueyrred½n;12;3;A estrenar;190
;Villa Pueyrred½n;12;3;A estrenar;36
;Villa Pueyrred½n;12;3;A estrenar;563
;Villa Pueyrred½n;12;3;A estrenar;607
;Villa Pueyrred½n;12;3;A estrenar;354
;Villa Pueyrred½n;12;3;A estrenar;679
;Villa Pueyrred½n;12;3;A estrenar;294
;Villa Riachuelo;8;3;A estrenar;1262
;Villa Riachuelo;8;3;A estrenar;856
;Villa Riachuelo;8;3;A estrenar;389
;Villa Riachuelo;8;3;A estrenar;667
;Villa Santa Rita;11;3;A estrenar;205
;Villa Urquiza;12;3;A estrenar;474
;Villa Urquiza;12;3;A estrenar;251
;Villa Urquiza;12;3;A estrenar;509
;Villa Urquiza;12;3;A estrenar;737
;Villa Urquiza;12;3;A estrenar;599
;Villa Urquiza;12;3;A estrenar;695
;Villa Urquiza;12;3;A estrenar;306
;Villa Urquiza;12;3;A estrenar;329
;Villa Urquiza;12;3;A estrenar;288
;Villa Urquiza;12;3;A estrenar;146
;Villa Urquiza;12;3;A estrenar;411
;Villa Urquiza;12;3;A estrenar;34
;Villa Urquiza;12;3;A estrenar;378
;Villa Urquiza;12;3;A estrenar;514
;Villa Urquiza;12;3;A estrenar;194
;Villa Urquiza;12;3;A estrenar;285
;Villa Urquiza;12;3;A estrenar;525
;Villa Urquiza;12;3;A estrenar;265
;Villa Urquiza;12;3;A estrenar;286
;Villa Urquiza;12;3;A estrenar;308
;Villa Urquiza;12;3;A estrenar;241
;Villa Urquiza;12;3;A estrenar;297
;Villa Urquiza;12;3;A estrenar;666
;Villa Urquiza;12;3;A estrenar;150
;Villa Urquiza;12;3;A estrenar;653
;Villa Urquiza;12;3;A estrenar;513
;Villa Urquiza;12;3;A estrenar;142
;Villa Urquiza;12;3;A estrenar;322
;Villa Urquiza;12;3;A estrenar;326
;Villa Urquiza;12;3;A estrenar;79
;Villa Urquiza;12;3;A estrenar;200
;Villa Urquiza;12;3;A estrenar;150
;Villa Urquiza;12;3;A estrenar;633
;Villa Urquiza;12;3;A estrenar;297
;Villa Urquiza;12;3;A estrenar;283
;Almagro;5;3;A estrenar;126
;Almagro;5;3;A estrenar;399
;Almagro;5;3;A estrenar;319
;Almagro;5;3;A estrenar;221
;Almagro;5;3;A estrenar;363
;Almagro;5;3;A estrenar;563
;Almagro;5;3;A estrenar;336
;Almagro;5;3;A estrenar;402
;Almagro;5;3;A estrenar;604
;Almagro;5;3;A estrenar;778
;Almagro;5;3;A estrenar;266
;Almagro;5;3;A estrenar;634
;Almagro;5;3;A estrenar;526
;Almagro;5;3;A estrenar;566
;Almagro;5;3;A estrenar;816
;Almagro;5;3;A estrenar;483
;Almagro;5;3;A estrenar;433
;Almagro;5;3;A estrenar;556
;Almagro;5;3;A estrenar;231
;Almagro;5;3;A estrenar;88
;Almagro;5;3;A estrenar;278
;Almagro;5;3;A estrenar;50
;Almagro;5;3;A estrenar;205
;Almagro;5;3;A estrenar;292
;Almagro;5;3;A estrenar;241
;Almagro;5;3;A estrenar;161
;Almagro;5;3;A estrenar;192
;Almagro;5;3;A estrenar;224
;Balvanera;3;3;A estrenar;353
;Balvanera;3;3;A estrenar;279
;Balvanera;3;3;A estrenar;466
;Balvanera;3;3;A estrenar;220
;Balvanera;3;3;A estrenar;200
;Balvanera;3;3;A estrenar;147
;Balvanera;3;3;A estrenar;127
;Balvanera;3;3;A estrenar;152
;Balvanera;3;3;A estrenar;148
;Balvanera;3;3;A estrenar;265
;Balvanera;3;3;A estrenar;95
;Balvanera;3;3;A estrenar;38
;Balvanera;3;3;A estrenar;178
;Balvanera;3;3;A estrenar;42
;Balvanera;3;3;A estrenar;103
;Balvanera;3;3;A estrenar;60
;Balvanera;3;3;A estrenar;125
;Balvanera;3;3;A estrenar;55
;Balvanera;3;3;A estrenar;70
;Balvanera;3;3;A estrenar;140
;Barracas;4;3;A estrenar;70
;Barracas;4;3;A estrenar;86
;Barracas;4;3;A estrenar;56
;Barracas;4;3;A estrenar;106
;Barracas;4;3;A estrenar;210
;Barracas;4;3;A estrenar;186
;Barracas;4;3;A estrenar;36
;Barracas;4;3;A estrenar;136
;Barracas;4;3;A estrenar;232
;Belgrano;13;3;A estrenar;75
;Belgrano;13;3;A estrenar;40
;Belgrano;13;3;A estrenar;52
;Belgrano;13;3;A estrenar;65
;Belgrano;13;3;A estrenar;103
;Belgrano;13;3;A estrenar;129
;Belgrano;13;3;A estrenar;113
;Belgrano;13;3;A estrenar;40
;Belgrano;13;3;A estrenar;271
;Belgrano;13;3;A estrenar;65
;Belgrano;13;3;A estrenar;46
;Belgrano;13;3;A estrenar;94
;Belgrano;13;3;A estrenar;52
;Belgrano;13;3;A estrenar;65
;Belgrano;13;3;A estrenar;239
;Belgrano;13;3;A estrenar;122
;Belgrano;13;3;A estrenar;38
;Belgrano;13;3;A estrenar;50
;Belgrano;13;3;A estrenar;211
;Belgrano;13;3;A estrenar;183
;Belgrano;13;3;A estrenar;140
;Belgrano;13;3;A estrenar;150
;Belgrano;13;3;A estrenar;135
;Belgrano;13;3;A estrenar;285
;Boedo;5;3;A estrenar;282
;Boedo;5;3;A estrenar;115
;Boedo;5;3;A estrenar;40
;Boedo;5;3;A estrenar;105
;Boedo;5;3;A estrenar;4431
;Boedo;5;3;A estrenar;4215
;Boedo;5;3;A estrenar;4353
;Boedo;5;3;A estrenar;5764
;Boedo;5;3;A estrenar;5404
;Boedo;5;3;A estrenar;4935
;Boedo;5;3;A estrenar;4711
;Boedo;5;3;A estrenar;4775
;Boedo;5;3;A estrenar;4826
;Boedo;5;3;A estrenar;2264
;Caballito;6;3;A estrenar;4902
;Caballito;6;3;A estrenar;4284
;Caballito;6;3;A estrenar;4737
;Caballito;6;3;A estrenar;3874
;Caballito;6;3;A estrenar;4728
;Caballito;6;3;A estrenar;9179
;Caballito;6;3;A estrenar;3927
;Caballito;6;3;A estrenar;3750
;Caballito;6;3;A estrenar;3966
;Caballito;6;3;A estrenar;3357
;Caballito;6;3;A estrenar;3794
;Caballito;6;3;A estrenar;4058
;Caballito;6;3;A estrenar;3250
;Caballito;6;3;A estrenar;4584
;Caballito;6;3;A estrenar;3516
;Caballito;6;3;A estrenar;3351
;Caballito;6;3;A estrenar;2358
;Caballito;6;3;A estrenar;1574
;Caballito;6;3;A estrenar;1970
;Caballito;6;3;A estrenar;1658
;Caballito;6;3;A estrenar;2712
;Caballito;6;3;A estrenar;2809
;Caballito;6;3;A estrenar;1812
;Caballito;6;3;A estrenar;2444
;Caballito;6;3;A estrenar;2268
;Caballito;6;3;A estrenar;2294
;Caballito;6;3;A estrenar;3003
;Caballito;6;3;A estrenar;2163
;Caballito;6;3;A estrenar;2662
;Caballito;6;3;A estrenar;2122
;Caballito;6;3;A estrenar;2991
;Caballito;6;3;A estrenar;2897
;Caballito;6;3;A estrenar;1617
;Caballito;6;3;A estrenar;2493
;Caballito;6;3;A estrenar;2244
;Chacarita;15;3;A estrenar;1550
;Chacarita;15;3;A estrenar;2318
;Chacarita;15;3;A estrenar;1471
;Chacarita;15;3;A estrenar;1661
;Chacarita;15;3;A estrenar;2513
;Chacarita;15;3;A estrenar;1723
;Chacarita;15;3;A estrenar;1692
;Chacarita;15;3;A estrenar;2849
;Chacarita;15;3;A estrenar;1810
;Chacarita;15;3;A estrenar;1685
;Chacarita;15;3;A estrenar;1436
;Coghlan;12;3;A estrenar;2155
;Coghlan;12;3;A estrenar;2019
;Coghlan;12;3;A estrenar;1759
;Coghlan;12;3;A estrenar;1599
;Coghlan;12;3;A estrenar;2438
;Coghlan;12;3;A estrenar;2078
;Coghlan;12;3;A estrenar;2497
;Colegiales;13;3;A estrenar;2008
;Colegiales;13;3;A estrenar;3017
;Colegiales;13;3;A estrenar;2109
;Colegiales;13;3;A estrenar;2255
;Colegiales;13;3;A estrenar;1924
;Colegiales;13;3;A estrenar;2269
;Colegiales;13;3;A estrenar;2929
;Colegiales;13;3;A estrenar;2295
;Colegiales;13;3;A estrenar;2360
;Colegiales;13;3;A estrenar;2511
;Colegiales;13;3;A estrenar;2061
;Colegiales;13;3;A estrenar;2616
;Colegiales;13;3;A estrenar;1781
;Colegiales;13;3;A estrenar;2037
;Colegiales;13;3;A estrenar;2655
;Colegiales;13;3;A estrenar;2173
;Colegiales;13;3;A estrenar;2497
;Colegiales;13;3;A estrenar;1588
;Colegiales;13;3;A estrenar;2234
;Colegiales;13;3;A estrenar;2320
;Colegiales;13;3;A estrenar;1886
;Colegiales;13;3;A estrenar;2860
;Colegiales;13;3;A estrenar;1864
;Flores;7;3;A estrenar;2308
;Flores;7;3;A estrenar;2397
;Flores;7;3;A estrenar;1989
;Flores;7;3;A estrenar;2859
;Flores;7;3;A estrenar;2770
;Flores;7;3;A estrenar;1756
;Flores;7;3;A estrenar;1741
;Flores;7;3;A estrenar;1723
;Flores;7;3;A estrenar;1778
;Flores;7;3;A estrenar;1995
;Flores;7;3;A estrenar;1756
;Flores;7;3;A estrenar;1897
;Flores;7;3;A estrenar;1725
;Flores;7;3;A estrenar;1994
;Flores;7;3;A estrenar;962
;Flores;7;3;A estrenar;1438
;Flores;7;3;A estrenar;805
;Flores;7;3;A estrenar;1290
;Flores;7;3;A estrenar;1066
;Flores;7;3;A estrenar;1103
;Flores;7;3;A estrenar;1214
;Flores;7;3;A estrenar;1182
;Flores;7;3;A estrenar;842
;Flores;7;3;A estrenar;1090
;Flores;7;3;A estrenar;1707
;Flores;7;3;A estrenar;1457
;Flores;7;3;A estrenar;1078
;Flores;7;3;A estrenar;1515
;Flores;7;3;A estrenar;1253
;Flores;7;3;A estrenar;1270
;Floresta;10;3;A estrenar;1300
;Floresta;10;3;A estrenar;1083
;Floresta;10;3;A estrenar;1858
;Liniers;9;3;A estrenar;1091
;Liniers;9;3;A estrenar;1104
;Liniers;9;3;A estrenar;593
;Liniers;9;3;A estrenar;1702
;Liniers;9;3;A estrenar;834
;Liniers;9;3;A estrenar;939
;Liniers;9;3;A estrenar;848
;Liniers;9;3;A estrenar;1104
;Liniers;9;3;A estrenar;970
;Liniers;9;3;A estrenar;1180
;Liniers;9;3;A estrenar;1235
;Liniers;9;3;A estrenar;1601
;Liniers;9;3;A estrenar;1261
;Liniers;9;3;A estrenar;954
;Liniers;9;3;A estrenar;868
;Liniers;9;3;A estrenar;1000
;Liniers;9;3;A estrenar;997
;Liniers;9;3;A estrenar;1026
;Liniers;9;3;A estrenar;1703
;Liniers;9;3;A estrenar;1402
;Liniers;9;3;A estrenar;1148
;Liniers;9;3;A estrenar;1286
;Liniers;9;3;A estrenar;1691
;Liniers;9;3;A estrenar;1738
;Liniers;9;3;A estrenar;1284
;Liniers;9;3;A estrenar;1447
;Liniers;9;3;A estrenar;1093
;Liniers;9;3;A estrenar;1276
;Liniers;9;3;A estrenar;835
;Liniers;9;3;A estrenar;2450
;Mataderos;9;3;A estrenar;1746
;Mataderos;9;3;A estrenar;2786
;Mataderos;9;3;A estrenar;2805
;Mataderos;9;3;A estrenar;2488
;Mataderos;9;3;A estrenar;2417
;Mataderos;9;3;A estrenar;1939
;Mataderos;9;3;A estrenar;2628
;Mataderos;9;3;A estrenar;2043
;Mataderos;9;3;A estrenar;915
;Mataderos;9;3;A estrenar;1995
;Mataderos;9;3;A estrenar;2155
;Mataderos;9;3;A estrenar;2816
;Monte Castro;10;3;A estrenar;2295
;Monte Castro;10;3;A estrenar;1897
;Monte Castro;10;3;A estrenar;2613
;Monte Castro;10;3;A estrenar;1670
;Monte Castro;10;3;A estrenar;1184
;Monte Castro;10;3;A estrenar;1079
;Monte Castro;10;3;A estrenar;1499
;Monte Castro;10;3;A estrenar;1817
;Monte Castro;10;3;A estrenar;1187
;Monte Castro;10;3;A estrenar;1312
;Monte Castro;10;3;A estrenar;1110
;Monte Castro;10;3;A estrenar;2187
;Monte Castro;10;3;A estrenar;1575
;Monte Castro;10;3;A estrenar;917
;Monte Castro;10;3;A estrenar;807
;Monte Castro;10;3;A estrenar;1097
;Monte Castro;10;3;A estrenar;559
;Monte Castro;10;3;A estrenar;1151
;Monte Castro;10;3;A estrenar;744
;Monte Castro;10;3;A estrenar;546
;Monserrat;1;3;A estrenar;705
;Monserrat;1;3;A estrenar;1036
;Monserrat;1;3;A estrenar;1274
;Monserrat;1;3;A estrenar;1014
;Monserrat;1;3;A estrenar;1212
;Monserrat;1;3;A estrenar;694
;NœÏez;13;3;A estrenar;974
;NœÏez;13;3;A estrenar;944
;NœÏez;13;3;A estrenar;1322
;NœÏez;13;3;A estrenar;999
;NœÏez;13;3;A estrenar;692
;NœÏez;13;3;A estrenar;1123
;NœÏez;13;3;A estrenar;783
;NœÏez;13;3;A estrenar;1200
;NœÏez;13;3;A estrenar;891
;NœÏez;13;3;A estrenar;972
;NœÏez;13;3;A estrenar;978
;NœÏez;13;3;A estrenar;444
;NœÏez;13;3;A estrenar;974
;NœÏez;13;3;A estrenar;997
;NœÏez;13;3;A estrenar;1229
;NœÏez;13;3;A estrenar;1136
;NœÏez;13;3;A estrenar;1252
;NœÏez;13;3;A estrenar;1160
;NœÏez;13;3;A estrenar;921
;NœÏez;13;3;A estrenar;739
;NœÏez;13;3;A estrenar;911
;NœÏez;13;3;A estrenar;913
;NœÏez;13;3;A estrenar;987
;NœÏez;13;3;A estrenar;1327
;NœÏez;13;3;A estrenar;1312
;Palermo;14;3;A estrenar;1271
;Palermo;14;3;A estrenar;1098
;Palermo;14;3;A estrenar;1387
;Palermo;14;3;A estrenar;1377
;Palermo;14;3;A estrenar;1679
;Palermo;14;3;A estrenar;978
;Palermo;14;3;A estrenar;2077
;Palermo;14;3;A estrenar;983
;Palermo;14;3;A estrenar;1020
;Palermo;14;3;A estrenar;976
;Palermo;14;3;A estrenar;596
;Palermo;14;3;A estrenar;680
;Palermo;14;3;A estrenar;710
;Palermo;14;3;A estrenar;762
;Palermo;14;3;A estrenar;725
;Palermo;14;3;A estrenar;575
;Palermo;14;3;A estrenar;454
;Palermo;14;3;A estrenar;1127
;Palermo;14;3;A estrenar;521
;Palermo;14;3;A estrenar;271
;Palermo;14;3;A estrenar;925
;Palermo;14;3;A estrenar;375
;Palermo;14;3;A estrenar;675
;Palermo;14;3;A estrenar;541
;Palermo;14;3;A estrenar;414
;Palermo;14;3;A estrenar;635
;Palermo;14;3;A estrenar;664
;Palermo;14;3;A estrenar;453
;Palermo;14;3;A estrenar;400
;Palermo;14;3;A estrenar;676
;Palermo;14;3;A estrenar;570
;Parque Avellaneda;9;3;A estrenar;601
;Parque Avellaneda;9;3;A estrenar;735
;Parque Avellaneda;9;3;A estrenar;518
;Parque Chacabuco;7;3;A estrenar;614
;Parque Chacabuco;7;3;A estrenar;490
;Parque Chacabuco;7;3;A estrenar;395
;Parque Chacabuco;7;3;A estrenar;367
;Parque Chacabuco;7;3;A estrenar;275
;Parque Chacabuco;7;3;A estrenar;463
;Parque Chacabuco;7;3;A estrenar;87
;Parque Chacabuco;7;3;A estrenar;303
;Parque Chacabuco;7;3;A estrenar;467
;Parque Chacabuco;7;3;A estrenar;283
;Parque Chacabuco;7;3;A estrenar;307
;Parque Chacabuco;7;3;A estrenar;325
;Parque Chas;15;3;A estrenar;384
;Parque Chas;15;3;A estrenar;209
;Parque Chas;15;3;A estrenar;297
;Parque Chas;15;3;A estrenar;169
;Parque Chas;15;3;A estrenar;363
;Parque Chas;15;3;A estrenar;403
;Parque Chas;15;3;A estrenar;404
;Parque Chas;15;3;A estrenar;560
;Parque Patricios;4;3;A estrenar;320
;Parque Patricios;4;3;A estrenar;418
;Recoleta;2;3;A estrenar;198
;Recoleta;2;3;A estrenar;615
;Recoleta;2;3;A estrenar;283
;Recoleta;2;3;A estrenar;329
;Recoleta;2;3;A estrenar;166
;Recoleta;2;3;A estrenar;372
;Recoleta;2;3;A estrenar;579
;Recoleta;2;3;A estrenar;369
;Recoleta;2;3;A estrenar;259
;Recoleta;2;3;A estrenar;382
;Recoleta;2;3;A estrenar;425
;Recoleta;2;3;A estrenar;553
;Recoleta;2;3;A estrenar;788
;Recoleta;2;3;A estrenar;478
;Recoleta;2;3;A estrenar;570
;Recoleta;2;3;A estrenar;536
;Recoleta;2;3;A estrenar;332
;Recoleta;2;3;A estrenar;637
;Recoleta;2;3;A estrenar;436
;Recoleta;2;3;A estrenar;552
;Recoleta;2;3;A estrenar;391
;Recoleta;2;3;A estrenar;499
;Recoleta;2;3;A estrenar;809
;Recoleta;2;3;A estrenar;422
;Recoleta;2;3;A estrenar;523
;Saavedra;12;3;A estrenar;563
;Saavedra;12;3;A estrenar;499
;Saavedra;12;3;A estrenar;593
;Saavedra;12;3;A estrenar;139
;Saavedra;12;3;A estrenar;168
;Saavedra;12;3;A estrenar;314
;Saavedra;12;3;A estrenar;591
;Saavedra;12;3;A estrenar;355
;Saavedra;12;3;A estrenar;287
;Saavedra;12;3;A estrenar;439
;Saavedra;12;3;A estrenar;265
;Saavedra;12;3;A estrenar;390
;Saavedra;12;3;A estrenar;202
;Saavedra;12;3;A estrenar;376
;Saavedra;12;3;A estrenar;205
;Saavedra;12;3;A estrenar;200
;Saavedra;12;3;A estrenar;265
;Saavedra;12;3;A estrenar;300
;Saavedra;12;3;A estrenar;245
;Saavedra;12;3;A estrenar;225
;Saavedra;12;3;A estrenar;303
;Saavedra;12;3;A estrenar;298
;Saavedra;12;3;A estrenar;150
;Saavedra;12;3;A estrenar;90
;Saavedra;12;3;A estrenar;163
;Saavedra;12;3;A estrenar;160
;Saavedra;12;3;A estrenar;122
;Saavedra;12;3;A estrenar;304
;Saavedra;12;3;A estrenar;360
;Saavedra;12;3;A estrenar;36
;Saavedra;12;3;A estrenar;104
;Saavedra;12;3;A estrenar;32
;San Crist½bal;3;3;A estrenar;118
;San Crist½bal;3;3;A estrenar;120
;San Crist½bal;3;3;A estrenar;102
;San Crist½bal;3;3;A estrenar;100
;San Crist½bal;3;3;A estrenar;120
;San Crist½bal;3;3;A estrenar;120
;San Crist½bal;3;3;A estrenar;40
;San Crist½bal;3;3;A estrenar;206
;San Crist½bal;3;3;A estrenar;176
;San Crist½bal;3;3;A estrenar;190
;San Crist½bal;3;3;A estrenar;120
;San Crist½bal;3;3;A estrenar;72
;San Crist½bal;3;3;A estrenar;90
;San Crist½bal;3;3;A estrenar;38
;San Crist½bal;3;3;A estrenar;50
;San Crist½bal;3;3;A estrenar;80
;San Crist½bal;3;3;A estrenar;111
;San Crist½bal;3;3;A estrenar;45
;San Crist½bal;3;3;A estrenar;38
;San Crist½bal;3;3;A estrenar;70
;San Nicolÿs;1;3;A estrenar;80
;San Telmo;1;3;A estrenar;50
;San Telmo;1;3;A estrenar;115
;San Telmo;1;3;A estrenar;87
;San Telmo;1;3;A estrenar;49
;San Telmo;1;3;A estrenar;169
;V?lez Sarsfield;10;3;A estrenar;510
;V?lez Sarsfield;10;3;A estrenar;98
;V?lez Sarsfield;10;3;A estrenar;46
;V?lez Sarsfield;10;3;A estrenar;248
;V?lez Sarsfield;10;3;A estrenar;236
;V?lez Sarsfield;10;3;A estrenar;100
;Versalles;10;3;A estrenar;302
;Villa Crespo;15;3;A estrenar;182
;Villa Crespo;15;3;A estrenar;278
;Villa Crespo;15;3;A estrenar;712
;Villa Crespo;15;3;A estrenar;1072
;Villa Crespo;15;3;A estrenar;387
;Villa Crespo;15;3;A estrenar;766
;Villa Crespo;15;3;A estrenar;594
;Villa Crespo;15;3;A estrenar;532
;Villa Crespo;15;3;A estrenar;551
;Villa Crespo;15;3;A estrenar;427
;Villa Crespo;15;3;A estrenar;250
;Villa Crespo;15;3;A estrenar;118
;Villa Crespo;15;3;A estrenar;370
;Villa Crespo;15;3;A estrenar;319
;Villa Crespo;15;3;A estrenar;324
;Villa Crespo;15;3;A estrenar;569
;Villa Crespo;15;3;A estrenar;408
;Villa Crespo;15;3;A estrenar;484
;Villa Crespo;15;3;A estrenar;410
;Villa Crespo;15;3;A estrenar;484
;Villa Crespo;15;3;A estrenar;402
;Villa Crespo;15;3;A estrenar;298
;Villa Crespo;15;3;A estrenar;65
;Villa Crespo;15;3;A estrenar;135
;Villa Crespo;15;3;A estrenar;761
;Villa Crespo;15;3;A estrenar;801
;Villa Crespo;15;3;A estrenar;701
;Villa Crespo;15;3;A estrenar;671
;Villa Crespo;15;3;A estrenar;198
;Villa Crespo;15;3;A estrenar;397
;Villa Crespo;15;3;A estrenar;357
;Villa Crespo;15;3;A estrenar;403
;Villa Crespo;15;3;A estrenar;540
;Villa Crespo;15;3;A estrenar;273
;Villa Crespo;15;3;A estrenar;258
;Villa Del Parque;11;3;A estrenar;368
;Villa Del Parque;11;3;A estrenar;463
;Villa Del Parque;11;3;A estrenar;334
;Villa Del Parque;11;3;A estrenar;421
;Villa Del Parque;11;3;A estrenar;295
;Villa Del Parque;11;3;A estrenar;555
;Villa Del Parque;11;3;A estrenar;508
;Villa Del Parque;11;3;A estrenar;571
;Villa Del Parque;11;3;A estrenar;385
;Villa Del Parque;11;3;A estrenar;165
;Villa Del Parque;11;3;A estrenar;202
;Villa Del Parque;11;3;A estrenar;294
;Villa Del Parque;11;3;A estrenar;455
;Villa Del Parque;11;3;A estrenar;302
;Villa Del Parque;11;3;A estrenar;428
;Villa Del Parque;11;3;A estrenar;393
;Villa Del Parque;11;3;A estrenar;497
;Villa Devoto;11;3;A estrenar;114
;Villa Devoto;11;3;A estrenar;317
;Villa Devoto;11;3;A estrenar;300
;Villa Devoto;11;3;A estrenar;439
;Villa Devoto;11;3;A estrenar;395
;Villa Devoto;11;3;A estrenar;219
;Villa Devoto;11;3;A estrenar;530
;Villa Devoto;11;3;A estrenar;407
;Villa Devoto;11;3;A estrenar;203
;Villa Devoto;11;3;A estrenar;199
;Villa Devoto;11;3;A estrenar;455
;Villa Devoto;11;3;A estrenar;886
;Villa Devoto;11;3;A estrenar;677
;Villa Devoto;11;3;A estrenar;546
;Villa Devoto;11;3;A estrenar;405
;Villa Devoto;11;3;A estrenar;247
;Villa Devoto;11;3;A estrenar;411
;Villa Devoto;11;3;A estrenar;292
;Villa Devoto;11;3;A estrenar;758
;Villa Devoto;11;3;A estrenar;429
;Villa Devoto;11;3;A estrenar;791
;Villa Devoto;11;3;A estrenar;411
;Villa General Mitre;11;3;A estrenar;429
;Villa General Mitre;11;3;A estrenar;345
;Villa General Mitre;11;3;A estrenar;380
;Villa General Mitre;11;3;A estrenar;656
;Villa General Mitre;11;3;A estrenar;293
;Villa General Mitre;11;3;A estrenar;1038
;Villa Lugano;8;3;A estrenar;545
;Villa Lugano;8;3;A estrenar;584
;Villa Lugano;8;3;A estrenar;387
;Villa Lugano;8;3;A estrenar;437
;Villa Lugano;8;3;A estrenar;518
;Villa Lugano;8;3;A estrenar;280
;Villa Luro;10;3;A estrenar;734
;Villa Luro;10;3;A estrenar;849
;Villa Luro;10;3;A estrenar;817
;Villa Luro;10;3;A estrenar;1084
;Villa Luro;10;3;A estrenar;496
;Villa Luro;10;3;A estrenar;613
;Villa Luro;10;3;A estrenar;602
;Villa Luro;10;3;A estrenar;666
;Villa Luro;10;3;A estrenar;864
;Villa Luro;10;3;A estrenar;743
;Villa Luro;10;3;A estrenar;503
;Villa Luro;10;3;A estrenar;486
;Villa Luro;10;3;A estrenar;609
;Villa Luro;10;3;A estrenar;426
;Villa Luro;10;3;A estrenar;421
;Villa Luro;10;3;A estrenar;341
;Villa Luro;10;3;A estrenar;280
;Villa Luro;10;3;A estrenar;352
;Villa Ortœzar;15;3;A estrenar;277
;Villa Pueyrred½n;12;3;A estrenar;212
;Villa Pueyrred½n;12;3;A estrenar;469
;Villa Pueyrred½n;12;3;A estrenar;150
;Villa Pueyrred½n;12;3;A estrenar;465
;Villa Pueyrred½n;12;3;A estrenar;116
;Villa Pueyrred½n;12;3;A estrenar;224
;Villa Pueyrred½n;12;3;A estrenar;241
;Villa Pueyrred½n;12;3;A estrenar;404
;Villa Pueyrred½n;12;3;A estrenar;368
;Villa Pueyrred½n;12;3;A estrenar;408
;Villa Pueyrred½n;12;3;A estrenar;586
;Villa Pueyrred½n;12;3;A estrenar;321
;Villa Pueyrred½n;12;3;A estrenar;320
;Villa Pueyrred½n;12;3;A estrenar;362
;Villa Pueyrred½n;12;3;A estrenar;378
;Villa Pueyrred½n;12;3;A estrenar;475
;Villa Riachuelo;8;3;A estrenar;430
;Villa Santa Rita;11;3;A estrenar;363
;Villa Santa Rita;11;3;A estrenar;269
;Villa Santa Rita;11;3;A estrenar;439
;Villa Santa Rita;11;3;A estrenar;384
;Villa Santa Rita;11;3;A estrenar;266
;Villa Santa Rita;11;3;A estrenar;513
;Villa Santa Rita;11;3;A estrenar;281
;Villa Santa Rita;11;3;A estrenar;124
;Villa Santa Rita;11;3;A estrenar;300
;Villa Urquiza;12;3;A estrenar;490
;Villa Urquiza;12;3;A estrenar;202
;Villa Urquiza;12;3;A estrenar;522
;Villa Urquiza;12;3;A estrenar;347
;Villa Urquiza;12;3;A estrenar;225
;Villa Urquiza;12;3;A estrenar;336
;Villa Urquiza;12;3;A estrenar;339
;Villa Urquiza;12;3;A estrenar;633
;Villa Urquiza;12;3;A estrenar;538
;Villa Urquiza;12;3;A estrenar;786
;Villa Urquiza;12;3;A estrenar;341
;Villa Urquiza;12;3;A estrenar;974
;Villa Urquiza;12;3;A estrenar;229
;Villa Urquiza;12;3;A estrenar;285
;Villa Urquiza;12;3;A estrenar;134
;Villa Urquiza;12;3;A estrenar;554
;Villa Urquiza;12;3;A estrenar;417
;Villa Urquiza;12;3;A estrenar;374
;Villa Urquiza;12;3;A estrenar;638
;Villa Urquiza;12;3;A estrenar;1539
;Villa Urquiza;12;3;A estrenar;1145
;Villa Urquiza;12;3;A estrenar;487
;Villa Urquiza;12;3;A estrenar;1310
;Villa Urquiza;12;3;A estrenar;1253
;Villa Urquiza;12;3;A estrenar;1053
;Villa Urquiza;12;3;A estrenar;1168
;Villa Urquiza;12;3;A estrenar;1273
;Villa Urquiza;12;3;A estrenar;1252
;Villa Urquiza;12;3;A estrenar;944
;Villa Urquiza;12;3;A estrenar;1584
;Villa Urquiza;12;3;A estrenar;1173
;Villa Urquiza;12;3;A estrenar;1291
;Villa Urquiza;12;3;A estrenar;1571
;Villa Urquiza;12;3;A estrenar;1531
;Villa Urquiza;12;3;A estrenar;1537
;Villa Urquiza;12;3;A estrenar;1720
;Villa Urquiza;12;3;A estrenar;954
;Villa Urquiza;12;3;A estrenar;756
